Campaign_ID,Channel,Variant,Impressions,Clicks,CTR_Pct,Conversions,Conversion_Rate_Pct,Ad_Spend_USD,Revenue_Generated_USD,ROAS
CMP-50000,Email Marketing,Variant B (New Copy),136458,3274,2.4,367,11.23,6504.06,49075.24,7.55
CMP-50001,Google Ads,Variant B (New Copy),93388,1298,1.39,171,13.2,4338.48,13444.02,3.1
CMP-50002,Meta Ads,Variant B (New Copy),71604,4217,5.89,229,5.44,2138.79,29044.07,13.58
CMP-50003,LinkedIn,Variant C (Video Ad),34467,2202,6.39,210,9.55,3641.83,30118.2,8.27
CMP-50004,Email Marketing,Variant B (New Copy),127649,1901,1.49,108,5.73,6606.86,21958.56,3.32
CMP-50005,LinkedIn,Variant B (New Copy),230231,7942,3.45,973,12.26,6115.59,70250.6,11.49
CMP-50006,Email Marketing,Variant A (Control),45467,713,1.57,30,4.29,5214.05,4048.2,0.78
CMP-50007,Email Marketing,Variant C (Video Ad),156920,7014,4.47,728,10.39,4210.97,145796.56,34.62
CMP-50008,Meta Ads,Variant C (Video Ad),213352,10646,4.99,387,3.64,5355.47,40882.68,7.63
CMP-50009,Email Marketing,Variant B (New Copy),172135,9364,5.44,301,3.22,4324.19,24886.68,5.76
CMP-50010,Google Ads,Variant B (New Copy),166881,8844,5.3,1063,12.02,6710.52,172896.95,25.77
CMP-50011,Google Ads,Variant B (New Copy),43396,980,2.26,109,11.19,939.92,19036.85,20.25
CMP-50012,Meta Ads,Variant B (New Copy),86966,4087,4.7,404,9.89,4088.89,81309.04,19.89
CMP-50013,Email Marketing,Variant A (Control),177291,7552,4.26,856,11.34,4467.5,97994.88,21.94
CMP-50014,Google Ads,Variant A (Control),194355,7113,3.66,718,10.1,2557.22,98710.64,38.6
CMP-50015,LinkedIn,Variant C (Video Ad),108862,2765,2.54,113,4.12,3177.18,20658.66,6.5
CMP-50016,Google Ads,Variant C (Video Ad),75696,1347,1.78,158,11.8,5159.78,28659.62,5.55
CMP-50017,Email Marketing,Variant B (New Copy),56792,1527,2.69,139,9.13,3221.66,19868.66,6.17
CMP-50018,Email Marketing,Variant A (Control),31855,1971,6.19,90,4.59,6823.22,9911.7,1.45
CMP-50019,Email Marketing,Variant B (New Copy),127655,1978,1.55,225,11.38,5071.66,30237.75,5.96
CMP-50020,Google Ads,Variant B (New Copy),39150,485,1.24,62,12.82,5811.75,8999.3,1.55
CMP-50021,SEO Organic,Variant A (Control),197806,12244,6.19,857,7.0,904.53,115909.25,128.14
CMP-50022,SEO Organic,Variant C (Video Ad),185199,12352,6.67,440,3.57,906.53,27856.4,30.73
CMP-50023,SEO Organic,Variant C (Video Ad),179829,6168,3.43,326,5.29,1769.17,32495.68,18.37
CMP-50024,Google Ads,Variant C (Video Ad),33561,1292,3.85,65,5.1,7524.72,8412.95,1.12
CMP-50025,LinkedIn,Variant A (Control),83092,2891,3.48,344,11.91,3104.45,35204.96,11.34
CMP-50026,Meta Ads,Variant A (Control),235280,5552,2.36,685,12.34,3104.16,39812.2,12.83
CMP-50027,LinkedIn,Variant C (Video Ad),172450,2914,1.69,259,8.89,3427.54,12719.49,3.71
CMP-50028,Meta Ads,Variant B (New Copy),62378,1559,2.5,123,7.91,2669.53,14136.39,5.3
CMP-50029,Google Ads,Variant A (Control),127035,8193,6.45,389,4.75,2806.93,78725.82,28.05
CMP-50030,LinkedIn,Variant C (Video Ad),10377,161,1.56,12,7.95,3481.8,1025.16,0.29
CMP-50031,LinkedIn,Variant B (New Copy),15159,867,5.72,95,11.05,5022.64,18309.35,3.65
CMP-50032,Email Marketing,Variant B (New Copy),142978,6719,4.7,892,13.29,1901.33,50210.68,26.41
CMP-50033,LinkedIn,Variant A (Control),81837,5327,6.51,260,4.89,7511.08,24198.2,3.22
CMP-50034,SEO Organic,Variant A (Control),189588,10977,5.79,468,4.27,7363.79,67803.84,9.21
CMP-50035,LinkedIn,Variant A (Control),102054,5429,5.32,152,2.8,4309.67,7884.24,1.83
CMP-50036,Email Marketing,Variant A (Control),166912,3438,2.06,325,9.47,5204.76,37602.5,7.22
CMP-50037,Google Ads,Variant A (Control),47953,3040,6.34,88,2.9,565.95,13480.72,23.82
CMP-50038,SEO Organic,Variant A (Control),236918,5141,2.17,516,10.04,7947.5,93432.12,11.76
CMP-50039,Meta Ads,Variant C (Video Ad),79541,4327,5.44,409,9.47,5943.21,58552.44,9.85
CMP-50040,SEO Organic,Variant A (Control),179636,2335,1.3,58,2.51,4963.72,12697.36,2.56
CMP-50041,Meta Ads,Variant A (Control),158517,7909,4.99,940,11.89,5372.88,176898.6,32.92
CMP-50042,Email Marketing,Variant A (Control),93317,4161,4.46,179,4.31,7008.13,21478.21,3.06
CMP-50043,Email Marketing,Variant C (Video Ad),215875,4036,1.87,496,12.31,6943.7,75054.72,10.81
CMP-50044,LinkedIn,Variant C (Video Ad),204841,3707,1.81,272,7.36,6028.7,49030.72,8.13
CMP-50045,Google Ads,Variant A (Control),122095,2649,2.17,119,4.51,4396.44,16024.54,3.64
CMP-50046,SEO Organic,Variant A (Control),80321,2602,3.24,165,6.35,4693.0,21676.05,4.62
CMP-50047,Email Marketing,Variant A (Control),188778,9835,5.21,648,6.59,4084.19,120981.6,29.62
CMP-50048,Google Ads,Variant B (New Copy),46869,2170,4.63,315,14.52,1449.9,26765.55,18.46
CMP-50049,LinkedIn,Variant C (Video Ad),42209,1093,2.59,45,4.2,1888.19,9157.95,4.85
CMP-50050,Meta Ads,Variant B (New Copy),123186,2636,2.14,326,12.4,6908.54,55719.92,8.07
CMP-50051,LinkedIn,Variant B (New Copy),192991,11270,5.84,314,2.79,2399.48,65208.38,27.18
CMP-50052,Google Ads,Variant C (Video Ad),76502,1361,1.78,140,10.33,5421.48,8506.4,1.57
CMP-50053,Email Marketing,Variant C (Video Ad),53461,2234,4.18,187,8.4,1633.6,25961.21,15.89
CMP-50054,Meta Ads,Variant B (New Copy),84824,2850,3.36,131,4.61,7364.03,15068.93,2.05
CMP-50055,Email Marketing,Variant A (Control),166733,6552,3.93,277,4.23,3621.36,43613.65,12.04
CMP-50056,Email Marketing,Variant A (Control),47096,3127,6.64,115,3.7,7277.85,24454.75,3.36
CMP-50057,LinkedIn,Variant A (Control),234415,8485,3.62,573,6.76,7004.49,98487.24,14.06
CMP-50058,Email Marketing,Variant C (Video Ad),205590,3371,1.64,187,5.57,1101.01,19618.17,17.82
CMP-50059,Meta Ads,Variant C (Video Ad),213910,8385,3.92,883,10.54,2456.88,93377.25,38.01
CMP-50060,Google Ads,Variant B (New Copy),77676,2959,3.81,344,11.64,3709.41,34272.72,9.24
CMP-50061,LinkedIn,Variant B (New Copy),30436,371,1.22,31,8.51,2606.51,5366.72,2.06
CMP-50062,Email Marketing,Variant C (Video Ad),94342,2094,2.22,118,5.67,1659.77,10405.24,6.27
CMP-50063,Meta Ads,Variant B (New Copy),88356,5195,5.88,581,11.2,6111.9,54387.41,8.9
CMP-50064,LinkedIn,Variant A (Control),161193,10509,6.52,616,5.87,7376.8,108945.76,14.77
CMP-50065,SEO Organic,Variant B (New Copy),136568,4069,2.98,533,13.12,4104.57,90860.51,22.14
CMP-50066,Google Ads,Variant C (Video Ad),94474,4676,4.95,107,2.29,3595.11,8146.98,2.27
CMP-50067,Google Ads,Variant A (Control),195052,7021,3.6,268,3.82,502.34,21214.88,42.23
CMP-50068,Email Marketing,Variant B (New Copy),42744,1132,2.65,156,13.86,4519.16,20013.24,4.43
CMP-50069,LinkedIn,Variant C (Video Ad),75620,3380,4.47,113,3.36,1202.06,8484.04,7.06
CMP-50070,SEO Organic,Variant C (Video Ad),187834,4752,2.53,256,5.39,3572.33,17500.16,4.9
CMP-50071,Google Ads,Variant C (Video Ad),234220,3419,1.46,131,3.84,5879.17,20598.44,3.5
CMP-50072,Google Ads,Variant C (Video Ad),141474,5772,4.08,226,3.92,7985.97,33120.3,4.15
CMP-50073,Meta Ads,Variant B (New Copy),56382,2655,4.71,67,2.55,5716.19,9972.28,1.74
CMP-50074,Meta Ads,Variant A (Control),176517,5524,3.13,260,4.72,4649.75,21327.8,4.59
CMP-50075,Meta Ads,Variant B (New Copy),236838,13168,5.56,555,4.22,6813.22,81329.7,11.94
CMP-50076,Meta Ads,Variant B (New Copy),32783,436,1.33,56,12.94,7335.13,4179.84,0.57
CMP-50077,SEO Organic,Variant C (Video Ad),219181,4295,1.96,248,5.79,3869.82,53508.48,13.83
CMP-50078,SEO Organic,Variant C (Video Ad),245996,10184,4.14,560,5.5,5015.16,104512.8,20.84
CMP-50079,LinkedIn,Variant A (Control),54259,1958,3.61,46,2.36,1672.21,3444.48,2.06
CMP-50080,Google Ads,Variant C (Video Ad),11164,668,5.99,46,6.91,5242.14,2171.2,0.41
CMP-50081,Email Marketing,Variant C (Video Ad),37293,1473,3.95,151,10.26,679.02,16830.46,24.79
CMP-50082,LinkedIn,Variant A (Control),86988,2896,3.33,211,7.32,7159.14,30248.96,4.23
CMP-50083,SEO Organic,Variant B (New Copy),225440,9986,4.43,1501,15.04,684.88,153327.15,223.87
CMP-50084,LinkedIn,Variant A (Control),214663,4829,2.25,423,8.78,4228.74,86871.51,20.54
CMP-50085,Google Ads,Variant A (Control),160087,7155,4.47,683,9.55,7743.62,65369.93,8.44
CMP-50086,LinkedIn,Variant A (Control),36948,2054,5.56,64,3.15,7941.53,12938.24,1.63
CMP-50087,Meta Ads,Variant B (New Copy),87515,5128,5.86,465,9.07,4060.28,59273.55,14.6
CMP-50088,LinkedIn,Variant C (Video Ad),186464,10609,5.69,1077,10.16,6112.26,75982.35,12.43
CMP-50089,SEO Organic,Variant C (Video Ad),121692,4904,4.03,366,7.47,1868.96,65151.66,34.86
CMP-50090,Meta Ads,Variant C (Video Ad),189597,9574,5.05,735,7.68,5384.8,113939.7,21.16
CMP-50091,Google Ads,Variant B (New Copy),91851,6135,6.68,954,15.56,6924.99,178064.1,25.71
CMP-50092,SEO Organic,Variant C (Video Ad),209922,13078,6.23,1186,9.07,7408.04,176844.46,23.87
CMP-50093,LinkedIn,Variant B (New Copy),31422,1762,5.61,113,6.46,5470.55,18038.19,3.3
CMP-50094,Google Ads,Variant A (Control),132612,8911,6.72,739,8.3,942.65,116569.86,123.66
CMP-50095,Google Ads,Variant A (Control),106076,2397,2.26,149,6.22,2015.35,15813.37,7.85
CMP-50096,Meta Ads,Variant A (Control),173975,11186,6.43,435,3.89,2345.94,92476.65,39.42
CMP-50097,Google Ads,Variant B (New Copy),94026,3939,4.19,471,11.97,4483.36,102484.89,22.86
CMP-50098,Email Marketing,Variant A (Control),224440,14364,6.4,1771,12.33,5297.77,286317.57,54.04
CMP-50099,SEO Organic,Variant B (New Copy),24803,818,3.3,27,3.34,2640.03,5270.4,2.0
CMP-50100,Google Ads,Variant A (Control),231270,14431,6.24,1079,7.48,4151.73,200726.37,48.35
CMP-50101,SEO Organic,Variant B (New Copy),166607,8613,5.17,345,4.01,1439.19,58387.8,40.57
CMP-50102,LinkedIn,Variant C (Video Ad),162216,4996,3.08,349,7.0,2092.38,55658.52,26.6
CMP-50103,Email Marketing,Variant B (New Copy),153842,2876,1.87,156,5.43,1978.62,19320.6,9.76
CMP-50104,LinkedIn,Variant A (Control),210412,11299,5.37,1056,9.35,4664.53,58259.52,12.49
CMP-50105,Google Ads,Variant A (Control),11258,700,6.22,32,4.6,1567.63,2972.8,1.9
CMP-50106,LinkedIn,Variant A (Control),51657,1730,3.35,175,10.12,7733.02,25287.5,3.27
CMP-50107,LinkedIn,Variant A (Control),184594,7531,4.08,645,8.57,4158.42,101458.5,24.4
CMP-50108,Email Marketing,Variant C (Video Ad),181422,8925,4.92,983,11.02,800.95,121665.91,151.9
CMP-50109,Google Ads,Variant B (New Copy),84710,5158,6.09,400,7.76,4596.99,73332.0,15.95
CMP-50110,Meta Ads,Variant B (New Copy),106255,4855,4.57,284,5.87,7656.64,22964.24,3.0
CMP-50111,LinkedIn,Variant C (Video Ad),81511,1206,1.48,30,2.49,7063.94,1525.8,0.22
CMP-50112,Google Ads,Variant B (New Copy),163762,4945,3.02,521,10.55,1019.08,72293.96,70.94
CMP-50113,Meta Ads,Variant A (Control),244659,5553,2.27,342,6.17,4836.1,60776.82,12.57
CMP-50114,Email Marketing,Variant B (New Copy),85513,1111,1.3,161,14.52,5689.86,27181.63,4.78
CMP-50115,Email Marketing,Variant B (New Copy),10763,332,3.09,43,13.25,4664.99,6867.53,1.47
CMP-50116,Email Marketing,Variant B (New Copy),15394,629,4.09,20,3.29,3745.1,1100.8,0.29
CMP-50117,Google Ads,Variant B (New Copy),173537,5726,3.3,217,3.79,6494.68,47466.58,7.31
CMP-50118,SEO Organic,Variant A (Control),227488,13421,5.9,1029,7.67,2826.84,176741.04,62.52
CMP-50119,LinkedIn,Variant C (Video Ad),81181,2581,3.18,148,5.75,4403.97,22043.12,5.01
CMP-50120,Google Ads,Variant C (Video Ad),105504,6393,6.06,618,9.67,3266.16,105331.92,32.25
CMP-50121,LinkedIn,Variant C (Video Ad),74425,1957,2.63,134,6.85,4227.33,24626.52,5.83
CMP-50122,Email Marketing,Variant C (Video Ad),153734,6272,4.08,206,3.3,3911.0,42526.64,10.87
CMP-50123,SEO Organic,Variant B (New Copy),194821,9176,4.71,516,5.63,753.73,77240.04,102.48
CMP-50124,Google Ads,Variant C (Video Ad),223770,5415,2.42,387,7.15,6279.14,25588.44,4.08
CMP-50125,Email Marketing,Variant A (Control),75425,4978,6.6,189,3.81,2882.71,26070.66,9.04
CMP-50126,Google Ads,Variant A (Control),179560,9606,5.35,1033,10.76,5307.15,76390.35,14.39
CMP-50127,Email Marketing,Variant B (New Copy),119739,2095,1.75,152,7.26,1034.35,7624.32,7.37
CMP-50128,SEO Organic,Variant B (New Copy),91542,1748,1.91,133,7.61,3647.47,22274.84,6.11
CMP-50129,Google Ads,Variant A (Control),76574,4648,6.07,553,11.9,6494.46,58291.73,8.98
CMP-50130,Email Marketing,Variant B (New Copy),92723,3690,3.98,181,4.91,2276.0,35845.24,15.75
CMP-50131,SEO Organic,Variant B (New Copy),219040,14697,6.71,1463,9.96,7832.3,156175.25,19.94
CMP-50132,SEO Organic,Variant B (New Copy),26715,699,2.62,95,13.71,5037.65,20406.0,4.05
CMP-50133,Google Ads,Variant C (Video Ad),194462,5211,2.68,483,9.27,4823.52,23551.08,4.88
CMP-50134,LinkedIn,Variant C (Video Ad),88826,2611,2.94,208,8.0,1608.71,36424.96,22.64
CMP-50135,LinkedIn,Variant A (Control),227122,4110,1.81,233,5.67,4547.75,44127.87,9.7
CMP-50136,Email Marketing,Variant C (Video Ad),66909,3780,5.65,463,12.25,6411.96,75362.51,11.75
CMP-50137,Email Marketing,Variant B (New Copy),112334,6021,5.36,534,8.88,5702.09,103168.8,18.09
CMP-50138,LinkedIn,Variant A (Control),13697,906,6.62,41,4.53,6750.79,7343.51,1.09
CMP-50139,Email Marketing,Variant C (Video Ad),165641,6575,3.97,410,6.25,7247.01,74673.3,10.3
CMP-50140,Google Ads,Variant A (Control),44330,1219,2.75,121,9.95,6426.91,14712.39,2.29
CMP-50141,Meta Ads,Variant B (New Copy),68651,2080,3.03,236,11.37,5104.32,40971.96,8.03
CMP-50142,Google Ads,Variant A (Control),159112,3150,1.98,111,3.54,1222.17,20076.57,16.43
CMP-50143,Email Marketing,Variant A (Control),64084,3845,6.0,322,8.38,2062.79,24645.88,11.95
CMP-50144,Email Marketing,Variant A (Control),32247,1218,3.78,104,8.61,3745.26,20316.4,5.42
CMP-50145,LinkedIn,Variant B (New Copy),142365,2249,1.58,321,14.28,1279.24,68928.33,53.88
CMP-50146,Google Ads,Variant A (Control),97940,4769,4.87,225,4.73,1351.41,27938.25,20.67
CMP-50147,Google Ads,Variant A (Control),186033,12520,6.73,1526,12.19,4541.47,125772.92,27.69
CMP-50148,Meta Ads,Variant C (Video Ad),174562,10962,6.28,278,2.54,2797.07,57148.46,20.43
CMP-50149,Meta Ads,Variant A (Control),82197,4808,5.85,535,11.13,3372.74,92817.15,27.52
CMP-50150,Google Ads,Variant B (New Copy),34613,1471,4.25,185,12.62,5831.8,20374.05,3.49
CMP-50151,Meta Ads,Variant A (Control),209275,3411,1.63,212,6.24,5667.45,17699.88,3.12
CMP-50152,Email Marketing,Variant A (Control),230301,14877,6.46,1164,7.83,3847.72,91758.12,23.85
CMP-50153,Google Ads,Variant C (Video Ad),77800,3298,4.24,389,11.8,2123.35,43284.03,20.38
CMP-50154,SEO Organic,Variant A (Control),39034,1221,3.13,129,10.62,7002.72,19054.59,2.72
CMP-50155,LinkedIn,Variant B (New Copy),146554,5583,3.81,185,3.33,3256.79,29352.1,9.01
CMP-50156,Meta Ads,Variant C (Video Ad),22358,527,2.36,17,3.39,1039.75,3020.56,2.91
CMP-50157,SEO Organic,Variant C (Video Ad),214855,8766,4.08,604,6.9,1036.52,43663.16,42.12
CMP-50158,Google Ads,Variant C (Video Ad),225911,14074,6.23,1505,10.7,2888.87,136955.0,47.41
CMP-50159,Google Ads,Variant A (Control),221076,11982,5.42,365,3.05,1099.59,51311.7,46.66
CMP-50160,Meta Ads,Variant B (New Copy),13989,837,5.99,29,3.52,4727.84,1672.43,0.35
CMP-50161,LinkedIn,Variant B (New Copy),192804,9967,5.17,1072,10.76,7097.39,216233.12,30.47
CMP-50162,Email Marketing,Variant C (Video Ad),207973,10773,5.18,385,3.58,1852.56,47732.3,25.77
CMP-50163,Google Ads,Variant A (Control),137273,2594,1.89,88,3.43,2056.79,18978.08,9.23
CMP-50164,Email Marketing,Variant C (Video Ad),80356,1510,1.88,185,12.28,3721.6,20647.85,5.55
CMP-50165,SEO Organic,Variant C (Video Ad),55277,1310,2.37,26,2.06,7499.37,2011.36,0.27
CMP-50166,Meta Ads,Variant A (Control),70547,4670,6.62,314,6.73,3398.62,35290.46,10.38
CMP-50167,Meta Ads,Variant A (Control),183557,9710,5.29,944,9.73,6864.46,157091.04,22.88
CMP-50168,Google Ads,Variant C (Video Ad),173202,8088,4.67,693,8.58,1530.85,39119.85,25.55
CMP-50169,Google Ads,Variant B (New Copy),44992,2955,6.57,311,10.55,3702.87,59963.91,16.19
CMP-50170,SEO Organic,Variant C (Video Ad),161626,3862,2.39,99,2.58,6551.19,11886.93,1.81
CMP-50171,LinkedIn,Variant A (Control),22443,1066,4.75,101,9.5,6373.35,17407.35,2.73
CMP-50172,Google Ads,Variant B (New Copy),209086,12294,5.88,1700,13.83,2191.02,88434.0,40.36
CMP-50173,Google Ads,Variant C (Video Ad),237646,4372,1.84,526,12.04,6198.05,59785.16,9.65
CMP-50174,Google Ads,Variant B (New Copy),58742,2837,4.83,88,3.11,4807.59,16712.08,3.48
CMP-50175,Email Marketing,Variant C (Video Ad),222537,7655,3.44,431,5.64,460.69,60749.45,131.87
CMP-50176,SEO Organic,Variant B (New Copy),65196,2503,3.84,270,10.81,1343.02,48651.3,36.23
CMP-50177,SEO Organic,Variant A (Control),226536,9990,4.41,391,3.92,4923.23,28988.74,5.89
CMP-50178,Meta Ads,Variant A (Control),90609,2446,2.7,188,7.71,6974.93,9191.32,1.32
CMP-50179,Email Marketing,Variant C (Video Ad),224198,11792,5.26,774,6.57,3862.41,142423.74,36.87
CMP-50180,LinkedIn,Variant B (New Copy),65925,2900,4.4,438,15.13,7653.27,62182.86,8.13
CMP-50181,Google Ads,Variant B (New Copy),121071,3050,2.52,105,3.46,7026.3,18895.8,2.69
CMP-50182,LinkedIn,Variant C (Video Ad),71986,1907,2.65,90,4.75,5716.13,19336.5,3.38
CMP-50183,Google Ads,Variant A (Control),116485,1619,1.39,118,7.35,5528.61,14922.28,2.7
CMP-50184,Google Ads,Variant C (Video Ad),51453,1034,2.01,43,4.24,5795.25,7044.69,1.22
CMP-50185,SEO Organic,Variant B (New Copy),82990,3103,3.74,405,13.06,6433.32,56205.9,8.74
CMP-50186,SEO Organic,Variant B (New Copy),215825,10618,4.92,1350,12.72,6391.17,234441.0,36.68
CMP-50187,LinkedIn,Variant B (New Copy),31070,1590,5.12,76,4.82,5145.77,9584.36,1.86
CMP-50188,SEO Organic,Variant C (Video Ad),163727,2816,1.72,95,3.39,5827.83,12249.3,2.1
CMP-50189,Meta Ads,Variant A (Control),216910,9630,4.44,465,4.83,7257.18,31475.85,4.34
CMP-50190,Email Marketing,Variant B (New Copy),183834,6287,3.42,934,14.86,1318.75,161899.56,122.77
CMP-50191,LinkedIn,Variant B (New Copy),79188,2573,3.25,376,14.63,5208.54,26613.28,5.11
CMP-50192,LinkedIn,Variant C (Video Ad),159710,8879,5.56,957,10.78,3699.48,183552.6,49.62
CMP-50193,Google Ads,Variant B (New Copy),218135,8332,3.82,906,10.88,5437.49,50328.3,9.26
CMP-50194,SEO Organic,Variant C (Video Ad),130811,5690,4.35,257,4.53,5008.82,44165.45,8.82
CMP-50195,LinkedIn,Variant B (New Copy),156619,5340,3.41,169,3.17,3987.35,36250.5,9.09
CMP-50196,Meta Ads,Variant C (Video Ad),40343,2327,5.77,67,2.92,5376.62,10525.7,1.96
CMP-50197,Meta Ads,Variant C (Video Ad),51471,2110,4.1,193,9.18,6638.18,25912.18,3.9
CMP-50198,Meta Ads,Variant C (Video Ad),94006,1193,1.27,53,4.48,4152.79,7321.42,1.76
CMP-50199,LinkedIn,Variant B (New Copy),12857,415,3.23,31,7.63,1216.04,1904.64,1.57
CMP-50200,Google Ads,Variant B (New Copy),118661,2313,1.95,352,15.22,2869.25,63243.84,22.04
CMP-50201,Email Marketing,Variant A (Control),28716,1099,3.83,130,11.85,6102.25,26915.2,4.41
CMP-50202,Email Marketing,Variant C (Video Ad),56439,1653,2.93,175,10.59,6677.15,37226.0,5.58
CMP-50203,LinkedIn,Variant B (New Copy),238522,7704,3.23,1070,13.9,7894.97,63739.9,8.07
CMP-50204,LinkedIn,Variant C (Video Ad),167951,6264,3.73,259,4.14,569.3,25073.79,44.04
CMP-50205,Email Marketing,Variant C (Video Ad),65687,1688,2.57,80,4.75,2797.32,8271.2,2.96
CMP-50206,Google Ads,Variant A (Control),42797,2084,4.87,72,3.47,7287.95,15513.84,2.13
CMP-50207,SEO Organic,Variant C (Video Ad),141802,4055,2.86,123,3.05,907.55,26454.84,29.15
CMP-50208,LinkedIn,Variant C (Video Ad),74237,1120,1.51,89,8.03,5055.79,7653.11,1.51
CMP-50209,SEO Organic,Variant C (Video Ad),49848,2422,4.86,95,3.95,5784.34,7016.7,1.21
CMP-50210,LinkedIn,Variant A (Control),222182,8887,4.0,558,6.28,6325.81,67947.66,10.74
CMP-50211,Email Marketing,Variant C (Video Ad),62775,3201,5.1,117,3.67,1567.68,19750.77,12.6
CMP-50212,Email Marketing,Variant B (New Copy),25824,1298,5.03,35,2.74,355.03,7363.3,20.74
CMP-50213,Email Marketing,Variant B (New Copy),68034,2068,3.04,283,13.69,4768.59,33014.78,6.92
CMP-50214,LinkedIn,Variant C (Video Ad),227353,10344,4.55,849,8.21,5926.56,59175.3,9.98
CMP-50215,Meta Ads,Variant B (New Copy),97140,6148,6.33,195,3.18,1545.82,16342.95,10.57
CMP-50216,Meta Ads,Variant B (New Copy),201066,5328,2.65,433,8.14,2014.43,24148.41,11.99
CMP-50217,Email Marketing,Variant C (Video Ad),96051,6080,6.33,311,5.13,476.1,48273.42,101.39
CMP-50218,LinkedIn,Variant C (Video Ad),56002,1248,2.23,34,2.78,5898.94,6942.8,1.18
CMP-50219,LinkedIn,Variant C (Video Ad),139442,3081,2.21,349,11.34,2971.93,35266.45,11.87
CMP-50220,Meta Ads,Variant A (Control),36430,1245,3.42,151,12.18,5967.48,23941.05,4.01
CMP-50221,SEO Organic,Variant B (New Copy),240484,14020,5.83,933,6.66,1486.81,176486.28,118.7
CMP-50222,SEO Organic,Variant B (New Copy),219311,7149,3.26,509,7.13,4326.0,41483.5,9.59
CMP-50223,Email Marketing,Variant A (Control),131263,2743,2.09,338,12.35,4172.28,61448.4,14.73
CMP-50224,SEO Organic,Variant A (Control),162035,3305,2.04,318,9.65,4396.98,68166.48,15.5
CMP-50225,Email Marketing,Variant B (New Copy),142497,6326,4.44,170,2.69,539.79,26465.6,49.03
CMP-50226,LinkedIn,Variant C (Video Ad),57192,2384,4.17,118,4.99,2699.62,9350.32,3.46
CMP-50227,LinkedIn,Variant A (Control),183078,4357,2.38,542,12.46,1094.78,48536.1,44.33
CMP-50228,Google Ads,Variant B (New Copy),227308,12751,5.61,1941,15.23,5325.09,93420.33,17.54
CMP-50229,Meta Ads,Variant B (New Copy),249129,6626,2.66,286,4.33,525.37,56662.32,107.85
CMP-50230,LinkedIn,Variant A (Control),58026,2808,4.84,142,5.08,6355.76,28419.88,4.47
CMP-50231,Email Marketing,Variant C (Video Ad),170894,11586,6.78,963,8.32,3709.9,167061.24,45.03
CMP-50232,SEO Organic,Variant A (Control),22360,1433,6.41,105,7.33,4809.88,21967.05,4.57
CMP-50233,SEO Organic,Variant A (Control),204290,6557,3.21,313,4.78,7091.61,30292.14,4.27
CMP-50234,Email Marketing,Variant C (Video Ad),84077,3985,4.74,208,5.24,6211.39,27539.2,4.43
CMP-50235,Google Ads,Variant B (New Copy),11663,584,5.01,80,13.78,7287.13,10854.4,1.49
CMP-50236,Email Marketing,Variant C (Video Ad),209071,6606,3.16,677,10.25,2789.17,141973.67,50.9
CMP-50237,SEO Organic,Variant C (Video Ad),227602,4779,2.1,392,8.21,7499.61,31328.64,4.18
CMP-50238,SEO Organic,Variant A (Control),174771,2708,1.55,211,7.82,2471.03,10003.51,4.05
CMP-50239,Email Marketing,Variant B (New Copy),190780,4807,2.52,127,2.65,5097.77,27445.97,5.38
CMP-50240,SEO Organic,Variant B (New Copy),133455,7393,5.54,763,10.33,2646.71,155011.08,58.57
CMP-50241,SEO Organic,Variant A (Control),211107,13827,6.55,1003,7.26,1367.12,199496.7,145.92
CMP-50242,Email Marketing,Variant B (New Copy),225329,13316,5.91,818,6.15,3637.37,71452.3,19.64
CMP-50243,Email Marketing,Variant B (New Copy),116987,6223,5.32,779,12.52,3693.86,81888.48,22.17
CMP-50244,Email Marketing,Variant A (Control),189272,6965,3.68,415,5.97,2121.46,23617.65,11.13
CMP-50245,Google Ads,Variant A (Control),116121,6630,5.71,389,5.88,6543.64,84938.15,12.98
CMP-50246,Meta Ads,Variant B (New Copy),28577,1791,6.27,72,4.04,4320.58,7030.08,1.63
CMP-50247,SEO Organic,Variant A (Control),92446,3217,3.48,147,4.6,5937.16,11862.9,2.0
CMP-50248,LinkedIn,Variant A (Control),12639,238,1.89,6,2.86,1574.59,1240.08,0.79
CMP-50249,SEO Organic,Variant C (Video Ad),63244,3212,5.08,328,10.24,4701.41,59138.4,12.58
CMP-50250,LinkedIn,Variant A (Control),23952,402,1.68,39,9.79,649.93,2312.31,3.56
CMP-50251,Email Marketing,Variant B (New Copy),132530,3512,2.65,345,9.85,7963.42,56976.75,7.15
CMP-50252,SEO Organic,Variant B (New Copy),35290,2389,6.77,332,13.92,2410.51,22463.12,9.32
CMP-50253,SEO Organic,Variant A (Control),58784,3139,5.34,119,3.81,2780.27,19796.84,7.12
CMP-50254,Meta Ads,Variant B (New Copy),234353,13053,5.57,1610,12.34,4218.72,79517.9,18.85
CMP-50255,Email Marketing,Variant A (Control),163266,3608,2.21,268,7.43,6355.82,33100.68,5.21
CMP-50256,Meta Ads,Variant B (New Copy),191907,5392,2.81,368,6.83,1674.17,36498.24,21.8
CMP-50257,Email Marketing,Variant A (Control),55150,1853,3.36,207,11.22,5145.54,39160.26,7.61
CMP-50258,LinkedIn,Variant B (New Copy),116349,4235,3.64,453,10.71,7398.22,20502.78,2.77
CMP-50259,Meta Ads,Variant C (Video Ad),130353,2659,2.04,272,10.23,6258.25,45598.08,7.29
CMP-50260,SEO Organic,Variant C (Video Ad),124733,8319,6.67,610,7.34,3458.88,101351.5,29.3
CMP-50261,Meta Ads,Variant B (New Copy),207893,11018,5.3,782,7.1,4782.7,164650.1,34.43
CMP-50262,Google Ads,Variant C (Video Ad),55190,2422,4.39,214,8.87,5599.17,45372.28,8.1
CMP-50263,LinkedIn,Variant B (New Copy),193619,11617,6.0,1054,9.08,7664.09,150195.0,19.6
CMP-50264,LinkedIn,Variant A (Control),50274,1870,3.72,76,4.1,5630.17,12185.08,2.16
CMP-50265,SEO Organic,Variant C (Video Ad),248077,6822,2.75,779,11.42,1137.7,154390.01,135.7
CMP-50266,LinkedIn,Variant B (New Copy),167146,2523,1.51,157,6.26,2812.28,16577.63,5.89
CMP-50267,Email Marketing,Variant C (Video Ad),168752,3594,2.13,409,11.39,437.79,72761.1,166.2
CMP-50268,Google Ads,Variant C (Video Ad),211922,12037,5.68,404,3.36,5562.63,28542.6,5.13
CMP-50269,Google Ads,Variant A (Control),188764,8985,4.76,740,8.24,4429.77,87852.8,19.83
CMP-50270,Email Marketing,Variant C (Video Ad),217688,9338,4.29,800,8.57,3548.89,124416.0,35.06
CMP-50271,Meta Ads,Variant A (Control),169807,3447,2.03,134,3.9,1609.31,9026.24,5.61
CMP-50272,SEO Organic,Variant A (Control),114522,5371,4.69,222,4.15,7625.39,41831.46,5.49
CMP-50273,Meta Ads,Variant A (Control),197929,12311,6.22,540,4.39,4110.62,45608.4,11.1
CMP-50274,LinkedIn,Variant A (Control),80234,1283,1.6,129,10.08,3317.94,7111.77,2.14
CMP-50275,Meta Ads,Variant C (Video Ad),147636,9492,6.43,855,9.01,2258.04,119759.85,53.04
CMP-50276,SEO Organic,Variant B (New Copy),152067,9808,6.45,459,4.69,5462.52,37895.04,6.94
CMP-50277,Meta Ads,Variant A (Control),56256,2255,4.01,217,9.64,3572.29,42338.87,11.85
CMP-50278,Email Marketing,Variant A (Control),167736,7497,4.47,500,6.67,649.56,84380.0,129.9
CMP-50279,SEO Organic,Variant B (New Copy),61591,1244,2.02,180,14.52,1154.14,28360.8,24.57
CMP-50280,Email Marketing,Variant C (Video Ad),93363,4864,5.21,445,9.15,1675.01,80700.75,48.18
CMP-50281,LinkedIn,Variant C (Video Ad),103633,6031,5.82,283,4.7,1310.45,36410.78,27.78
CMP-50282,Google Ads,Variant B (New Copy),145247,9136,6.29,1329,14.55,5205.0,290266.89,55.77
CMP-50283,LinkedIn,Variant B (New Copy),53332,3354,6.29,373,11.13,5022.53,72940.15,14.52
CMP-50284,Meta Ads,Variant A (Control),67246,2656,3.95,196,7.41,6504.88,31038.56,4.77
CMP-50285,SEO Organic,Variant A (Control),215334,14384,6.68,1556,10.82,6818.9,109526.84,16.06
CMP-50286,Google Ads,Variant A (Control),114898,5618,4.89,602,10.72,6320.08,53060.28,8.4
CMP-50287,Email Marketing,Variant B (New Copy),73744,4830,6.55,594,12.3,3240.12,105779.52,32.65
CMP-50288,SEO Organic,Variant B (New Copy),162452,6676,4.11,960,14.38,7653.27,165369.6,21.61
CMP-50289,LinkedIn,Variant B (New Copy),230328,5781,2.51,320,5.55,7967.81,42486.4,5.33
CMP-50290,Email Marketing,Variant C (Video Ad),19771,440,2.23,33,7.61,7462.92,5805.69,0.78
CMP-50291,LinkedIn,Variant C (Video Ad),24684,747,3.03,61,8.24,2528.73,11621.72,4.6
CMP-50292,Email Marketing,Variant A (Control),170411,3663,2.15,434,11.86,7123.39,28626.64,4.02
CMP-50293,Google Ads,Variant B (New Copy),168754,7998,4.74,362,4.53,4465.41,71994.56,16.12
CMP-50294,SEO Organic,Variant B (New Copy),51490,1081,2.1,120,11.12,6108.65,12282.0,2.01
CMP-50295,Google Ads,Variant B (New Copy),197860,5085,2.57,776,15.28,1464.45,45628.8,31.16
CMP-50296,Google Ads,Variant A (Control),39449,1459,3.7,126,8.7,2863.67,14301.0,4.99
CMP-50297,Email Marketing,Variant B (New Copy),135807,3517,2.59,139,3.97,7152.37,17281.87,2.42
CMP-50298,LinkedIn,Variant B (New Copy),78268,3968,5.07,510,12.86,6384.47,73256.4,11.47
CMP-50299,Google Ads,Variant C (Video Ad),138700,9043,6.52,846,9.36,4059.15,110859.84,27.31
CMP-50300,SEO Organic,Variant A (Control),71614,930,1.3,34,3.74,2505.02,5999.98,2.4
CMP-50301,Meta Ads,Variant A (Control),186818,9322,4.99,188,2.02,7382.82,26885.88,3.64
CMP-50302,Meta Ads,Variant B (New Copy),41630,2593,6.23,228,8.8,7796.73,41356.92,5.3
CMP-50303,LinkedIn,Variant C (Video Ad),14784,999,6.76,40,4.06,5115.46,2183.6,0.43
CMP-50304,Meta Ads,Variant C (Video Ad),234407,15095,6.44,603,4.0,3142.66,48849.03,15.54
CMP-50305,Meta Ads,Variant B (New Copy),202848,4929,2.43,220,4.48,5776.3,24112.0,4.17
CMP-50306,Google Ads,Variant B (New Copy),154396,9634,6.24,1033,10.73,7801.85,178925.93,22.93
CMP-50307,Google Ads,Variant C (Video Ad),151850,6058,3.99,353,5.83,6827.74,50856.71,7.45
CMP-50308,Meta Ads,Variant A (Control),191980,4204,2.19,341,8.12,7035.64,44046.97,6.26
CMP-50309,Google Ads,Variant C (Video Ad),164779,3295,2.0,246,7.48,7095.61,41229.6,5.81
CMP-50310,SEO Organic,Variant C (Video Ad),113836,2709,2.38,218,8.07,5143.87,25815.56,5.02
CMP-50311,Google Ads,Variant B (New Copy),122425,7161,5.85,706,9.87,7311.98,143925.16,19.68
CMP-50312,Meta Ads,Variant C (Video Ad),26668,1592,5.97,128,8.08,7332.49,22662.4,3.09
CMP-50313,SEO Organic,Variant B (New Copy),135744,1927,1.42,212,11.02,5678.59,44746.84,7.88
CMP-50314,Email Marketing,Variant B (New Copy),81451,4740,5.82,483,10.2,1224.0,51410.52,42.0
CMP-50315,Google Ads,Variant A (Control),99928,2668,2.67,100,3.75,6292.14,7568.0,1.2
CMP-50316,LinkedIn,Variant B (New Copy),69914,894,1.28,34,3.85,4181.59,1806.42,0.43
CMP-50317,Email Marketing,Variant A (Control),98463,3958,4.02,151,3.84,2026.75,10261.96,5.06
CMP-50318,Email Marketing,Variant A (Control),137086,6950,5.07,745,10.73,1518.38,123126.15,81.09
CMP-50319,Meta Ads,Variant B (New Copy),214099,14066,6.57,2145,15.25,7158.27,151780.2,21.2
CMP-50320,Google Ads,Variant A (Control),193779,5212,2.69,261,5.02,5907.42,29271.15,4.95
CMP-50321,Meta Ads,Variant C (Video Ad),51598,1826,3.54,120,6.61,3113.52,17637.6,5.66
CMP-50322,Meta Ads,Variant B (New Copy),125540,4783,3.81,529,11.08,4218.75,49271.06,11.68
CMP-50323,Google Ads,Variant B (New Copy),59464,3050,5.13,196,6.45,3334.36,33884.48,10.16
CMP-50324,Email Marketing,Variant B (New Copy),245037,13354,5.45,440,3.3,3233.59,61243.6,18.94
CMP-50325,LinkedIn,Variant C (Video Ad),179537,7522,4.19,494,6.58,5117.96,65795.86,12.86
CMP-50326,Google Ads,Variant B (New Copy),192199,5439,2.83,833,15.32,6372.5,127024.17,19.93
CMP-50327,SEO Organic,Variant A (Control),210089,8382,3.99,828,9.89,3299.84,40075.2,12.14
CMP-50328,Meta Ads,Variant C (Video Ad),10530,665,6.32,82,12.39,7306.64,4915.08,0.67
CMP-50329,Google Ads,Variant A (Control),18377,716,3.9,67,9.38,4461.29,14419.74,3.23
CMP-50330,Google Ads,Variant C (Video Ad),228043,15256,6.69,1478,9.69,1865.88,231883.42,124.28
CMP-50331,Google Ads,Variant C (Video Ad),151556,5925,3.91,581,9.82,1899.88,44795.1,23.58
CMP-50332,LinkedIn,Variant A (Control),202185,8269,4.09,707,8.56,2077.8,115212.72,55.45
CMP-50333,Meta Ads,Variant B (New Copy),239157,6337,2.65,400,6.32,3142.48,64188.0,20.43
CMP-50334,LinkedIn,Variant C (Video Ad),84342,4638,5.5,537,11.58,7593.44,65863.05,8.67
CMP-50335,Email Marketing,Variant C (Video Ad),167208,9831,5.88,496,5.05,6437.38,93188.48,14.48
CMP-50336,Email Marketing,Variant A (Control),129433,3818,2.95,239,6.28,3317.91,26961.59,8.13
CMP-50337,SEO Organic,Variant C (Video Ad),205479,5465,2.66,607,11.11,5543.97,67249.53,12.13
CMP-50338,Meta Ads,Variant B (New Copy),122478,5646,4.61,535,9.48,1572.81,66452.35,42.25
CMP-50339,Google Ads,Variant C (Video Ad),44317,1320,2.98,126,9.57,6897.29,24184.44,3.51
CMP-50340,Meta Ads,Variant A (Control),152765,6049,3.96,667,11.03,4101.87,33410.03,8.15
CMP-50341,Google Ads,Variant A (Control),141151,9457,6.7,364,3.85,934.93,26659.36,28.51
CMP-50342,Email Marketing,Variant A (Control),92855,5264,5.67,637,12.12,6366.07,41111.98,6.46
CMP-50343,Email Marketing,Variant B (New Copy),29651,412,1.39,62,15.1,3293.56,4639.46,1.41
CMP-50344,LinkedIn,Variant C (Video Ad),36782,1691,4.6,67,4.02,3528.54,12359.49,3.5
CMP-50345,SEO Organic,Variant B (New Copy),86181,2145,2.49,243,11.33,6441.09,18742.59,2.91
CMP-50346,SEO Organic,Variant B (New Copy),17356,911,5.25,34,3.8,1591.89,6800.34,4.27
CMP-50347,Meta Ads,Variant A (Control),21306,573,2.69,22,3.96,4631.35,1257.74,0.27
CMP-50348,Meta Ads,Variant C (Video Ad),209732,10151,4.84,366,3.61,4007.34,56041.92,13.98
CMP-50349,Email Marketing,Variant B (New Copy),248995,14118,5.67,1216,8.62,1887.96,95735.68,50.71
CMP-50350,Google Ads,Variant B (New Copy),54430,2471,4.54,148,6.0,5035.75,12255.88,2.43
CMP-50351,Email Marketing,Variant B (New Copy),31068,742,2.39,59,7.96,7157.05,8179.17,1.14
CMP-50352,LinkedIn,Variant C (Video Ad),39447,1143,2.9,101,8.86,5790.0,17558.85,3.03
CMP-50353,Email Marketing,Variant C (Video Ad),171140,10285,6.01,1253,12.19,4585.92,234686.9,51.18
CMP-50354,Google Ads,Variant C (Video Ad),50203,612,1.22,58,9.58,2392.98,8918.66,3.73
CMP-50355,Email Marketing,Variant B (New Copy),75467,4241,5.62,293,6.91,7280.85,26639.56,3.66
CMP-50356,LinkedIn,Variant B (New Copy),151444,4270,2.82,489,11.47,5180.45,100166.76,19.34
CMP-50357,Meta Ads,Variant C (Video Ad),76107,1149,1.51,129,11.23,661.97,16229.49,24.52
CMP-50358,Meta Ads,Variant C (Video Ad),128696,6640,5.16,812,12.23,5052.41,59925.6,11.86
CMP-50359,LinkedIn,Variant B (New Copy),215886,11398,5.28,1342,11.78,664.32,273929.04,412.35
CMP-50360,LinkedIn,Variant C (Video Ad),75141,4666,6.21,490,10.52,5398.09,98034.3,18.16
CMP-50361,Meta Ads,Variant B (New Copy),54234,1784,3.29,250,14.05,5516.36,36192.5,6.56
CMP-50362,LinkedIn,Variant B (New Copy),173891,2208,1.27,252,11.44,3787.58,25328.52,6.69
CMP-50363,Meta Ads,Variant B (New Copy),75893,4234,5.58,366,8.66,3690.37,31695.6,8.59
CMP-50364,Email Marketing,Variant B (New Copy),184841,7245,3.92,362,5.01,384.2,44406.54,115.58
CMP-50365,Google Ads,Variant B (New Copy),62838,2664,4.24,206,7.76,1693.84,36480.54,21.54
CMP-50366,SEO Organic,Variant B (New Copy),13413,618,4.61,62,10.09,6896.56,3207.26,0.47
CMP-50367,Meta Ads,Variant B (New Copy),198810,3896,1.96,412,10.6,5874.72,54557.04,9.29
CMP-50368,LinkedIn,Variant C (Video Ad),13936,337,2.42,9,2.72,5185.02,1617.03,0.31
CMP-50369,LinkedIn,Variant B (New Copy),16652,832,5.0,40,4.89,914.75,8407.6,9.19
CMP-50370,LinkedIn,Variant B (New Copy),97260,1274,1.31,170,13.38,6055.42,16003.8,2.64
CMP-50371,LinkedIn,Variant A (Control),177563,4829,2.72,187,3.89,1276.22,15743.53,12.34
CMP-50372,LinkedIn,Variant C (Video Ad),115262,1602,1.39,54,3.4,6748.02,4642.38,0.69
CMP-50373,LinkedIn,Variant A (Control),31497,1546,4.91,156,10.12,7061.73,34100.04,4.83
CMP-50374,Email Marketing,Variant A (Control),118927,5565,4.68,652,11.72,5961.56,69288.04,11.62
CMP-50375,LinkedIn,Variant B (New Copy),18721,722,3.86,80,11.18,6413.7,7280.0,1.14
CMP-50376,LinkedIn,Variant C (Video Ad),192977,3454,1.79,204,5.93,1774.25,24800.28,13.98
CMP-50377,Email Marketing,Variant A (Control),240705,15934,6.62,1223,7.68,6644.22,124941.68,18.8
CMP-50378,Meta Ads,Variant C (Video Ad),30028,1630,5.43,75,4.63,5552.72,16152.0,2.91
CMP-50379,Google Ads,Variant A (Control),120581,3713,3.08,279,7.54,5778.28,42115.05,7.29
CMP-50380,LinkedIn,Variant B (New Copy),142549,8210,5.76,414,5.05,3940.13,62178.66,15.78
CMP-50381,Email Marketing,Variant C (Video Ad),144080,8500,5.9,549,6.47,3528.23,85704.39,24.29
CMP-50382,SEO Organic,Variant B (New Copy),96515,1582,1.64,158,10.04,7673.86,31893.88,4.16
CMP-50383,SEO Organic,Variant B (New Copy),84929,4085,4.81,480,11.76,1794.88,36777.6,20.49
CMP-50384,Email Marketing,Variant C (Video Ad),128643,8709,6.77,873,10.03,2558.97,109771.02,42.9
CMP-50385,Email Marketing,Variant C (Video Ad),131149,1744,1.33,42,2.42,6228.21,7732.2,1.24
CMP-50386,LinkedIn,Variant C (Video Ad),199170,8046,4.04,321,4.0,4460.27,35412.72,7.94
CMP-50387,Email Marketing,Variant B (New Copy),207338,13456,6.49,745,5.54,1583.07,94331.9,59.59
CMP-50388,LinkedIn,Variant B (New Copy),31574,2102,6.66,72,3.43,6647.52,8604.72,1.29
CMP-50389,Meta Ads,Variant B (New Copy),128998,1922,1.49,69,3.61,5246.77,12966.48,2.47
CMP-50390,Email Marketing,Variant A (Control),112168,3869,3.45,384,9.94,4646.57,22740.48,4.89
CMP-50391,Google Ads,Variant B (New Copy),42973,1598,3.72,209,13.1,1450.96,11054.01,7.62
CMP-50392,LinkedIn,Variant B (New Copy),114345,2892,2.53,111,3.84,5836.69,19955.58,3.42
CMP-50393,Email Marketing,Variant A (Control),114785,7644,6.66,475,6.22,2679.81,86136.5,32.14
CMP-50394,Meta Ads,Variant A (Control),137101,4209,3.07,391,9.29,4448.2,52851.47,11.88
CMP-50395,Meta Ads,Variant C (Video Ad),220249,5418,2.46,480,8.87,2328.34,42513.6,18.26
CMP-50396,Meta Ads,Variant B (New Copy),233068,6525,2.8,441,6.76,4750.32,32545.8,6.85
CMP-50397,Meta Ads,Variant C (Video Ad),12093,782,6.47,81,10.47,3608.2,8207.73,2.27
CMP-50398,LinkedIn,Variant B (New Copy),170050,6308,3.71,735,11.66,975.03,106053.15,108.77
CMP-50399,Google Ads,Variant A (Control),231314,9738,4.21,279,2.87,602.23,22573.89,37.48
CMP-50400,Meta Ads,Variant C (Video Ad),119611,4114,3.44,449,10.92,3892.01,21233.21,5.46
CMP-50401,SEO Organic,Variant B (New Copy),218707,5773,2.64,670,11.61,7375.69,98195.2,13.31
CMP-50402,Google Ads,Variant B (New Copy),47655,3116,6.54,362,11.62,6291.82,38191.0,6.07
CMP-50403,Meta Ads,Variant C (Video Ad),169623,9278,5.47,1095,11.81,1545.91,61243.35,39.62
CMP-50404,Google Ads,Variant A (Control),44894,2581,5.75,207,8.03,3083.96,16607.61,5.39
CMP-50405,Meta Ads,Variant B (New Copy),95903,6454,6.73,991,15.37,1503.3,128037.2,85.17
CMP-50406,SEO Organic,Variant B (New Copy),236572,8067,3.41,619,7.68,1195.12,45966.94,38.46
CMP-50407,Meta Ads,Variant C (Video Ad),207216,11604,5.6,490,4.23,491.58,92379.7,187.92
CMP-50408,Google Ads,Variant B (New Copy),241396,12118,5.02,487,4.02,3849.44,100141.81,26.01
CMP-50409,LinkedIn,Variant B (New Copy),113872,1491,1.31,80,5.4,7927.64,16342.4,2.06
CMP-50410,LinkedIn,Variant C (Video Ad),40692,1599,3.93,86,5.4,3809.42,15293.38,4.01
CMP-50411,Meta Ads,Variant A (Control),44610,2935,6.58,127,4.34,6897.31,24690.07,3.58
CMP-50412,Meta Ads,Variant B (New Copy),166905,6659,3.99,317,4.77,6745.1,30172.06,4.47
CMP-50413,Google Ads,Variant C (Video Ad),68007,2536,3.73,78,3.1,1119.63,7334.34,6.55
CMP-50414,Email Marketing,Variant C (Video Ad),110794,4609,4.16,371,8.07,1739.98,78470.21,45.1
CMP-50415,SEO Organic,Variant C (Video Ad),128983,6410,4.97,719,11.22,7640.34,48798.53,6.39
CMP-50416,SEO Organic,Variant B (New Copy),18424,385,2.09,36,9.4,5657.56,7534.8,1.33
CMP-50417,Email Marketing,Variant A (Control),242550,7810,3.22,912,11.68,5347.52,197976.96,37.02
CMP-50418,Google Ads,Variant A (Control),27402,1337,4.88,120,9.04,4663.83,7100.4,1.52
CMP-50419,SEO Organic,Variant C (Video Ad),164588,5184,3.15,278,5.38,7114.97,28898.1,4.06
CMP-50420,LinkedIn,Variant A (Control),11979,200,1.67,16,8.01,3108.94,2313.92,0.74
CMP-50421,Email Marketing,Variant A (Control),98273,5532,5.63,472,8.55,2532.76,42399.76,16.74
CMP-50422,SEO Organic,Variant C (Video Ad),36275,961,2.65,34,3.55,7459.28,1556.86,0.21
CMP-50423,Google Ads,Variant C (Video Ad),209543,4924,2.35,380,7.73,3967.74,59101.4,14.9
CMP-50424,Google Ads,Variant A (Control),229500,12347,5.38,803,6.51,6826.97,168573.79,24.69
CMP-50425,Google Ads,Variant A (Control),36036,2057,5.71,42,2.06,2504.52,5868.66,2.34
CMP-50426,SEO Organic,Variant B (New Copy),102713,2064,2.01,62,3.03,765.6,5875.74,7.67
CMP-50427,Email Marketing,Variant B (New Copy),88533,1930,2.18,219,11.39,2849.85,26466.15,9.29
CMP-50428,SEO Organic,Variant B (New Copy),223059,4461,2.0,208,4.67,724.71,36526.88,50.4
CMP-50429,LinkedIn,Variant B (New Copy),84242,4818,5.72,411,8.54,436.19,87789.6,201.26
CMP-50430,Email Marketing,Variant B (New Copy),66311,3023,4.56,132,4.38,1967.09,25978.92,13.21
CMP-50431,Email Marketing,Variant C (Video Ad),229006,3160,1.38,391,12.39,6715.69,34783.36,5.18
CMP-50432,SEO Organic,Variant C (Video Ad),139098,2768,1.99,125,4.52,6142.3,26695.0,4.35
CMP-50433,Meta Ads,Variant C (Video Ad),175861,11026,6.27,992,9.0,5379.85,102582.72,19.07
CMP-50434,Email Marketing,Variant B (New Copy),176639,3497,1.98,226,6.49,4020.06,11745.22,2.92
CMP-50435,SEO Organic,Variant A (Control),192893,2391,1.24,286,11.97,3308.67,36001.68,10.88
CMP-50436,Meta Ads,Variant A (Control),104881,3272,3.12,252,7.73,3842.36,43522.92,11.33
CMP-50437,Meta Ads,Variant C (Video Ad),71401,1478,2.07,156,10.6,6171.99,11423.88,1.85
CMP-50438,Meta Ads,Variant B (New Copy),25304,905,3.58,115,12.79,2641.41,9419.65,3.57
CMP-50439,Meta Ads,Variant C (Video Ad),188297,10055,5.34,1146,11.4,2085.54,52143.0,25.0
CMP-50440,LinkedIn,Variant B (New Copy),77269,2758,3.57,200,7.27,6296.37,10046.0,1.6
CMP-50441,SEO Organic,Variant A (Control),218129,9968,4.57,541,5.43,2572.58,109141.34,42.42
CMP-50442,SEO Organic,Variant B (New Copy),192224,4094,2.13,216,5.28,4111.45,41653.44,10.13
CMP-50443,Google Ads,Variant C (Video Ad),15141,416,2.75,20,4.84,1977.18,2172.4,1.1
CMP-50444,Google Ads,Variant C (Video Ad),151401,2271,1.5,183,8.1,7191.36,15966.75,2.22
CMP-50445,LinkedIn,Variant A (Control),183961,8186,4.45,514,6.29,451.95,88711.26,196.29
CMP-50446,Email Marketing,Variant B (New Copy),142074,4020,2.83,378,9.41,3176.24,51502.5,16.21
CMP-50447,LinkedIn,Variant A (Control),52666,1669,3.17,182,10.92,3686.8,24833.9,6.74
CMP-50448,Email Marketing,Variant B (New Copy),106000,5384,5.08,728,13.54,7122.99,72472.4,10.17
CMP-50449,Meta Ads,Variant C (Video Ad),55981,2222,3.97,123,5.58,965.52,10058.94,10.42
CMP-50450,LinkedIn,Variant A (Control),195594,6806,3.48,451,6.63,4995.36,31155.08,6.24
CMP-50451,Meta Ads,Variant A (Control),33638,1204,3.58,31,2.61,7699.04,3322.58,0.43
CMP-50452,Meta Ads,Variant C (Video Ad),217625,3851,1.77,187,4.88,4515.81,10892.75,2.41
CMP-50453,LinkedIn,Variant A (Control),205747,2715,1.32,315,11.61,2012.51,31711.05,15.76
CMP-50454,Email Marketing,Variant B (New Copy),173268,4210,2.43,202,4.82,690.57,29932.36,43.34
CMP-50455,SEO Organic,Variant B (New Copy),196436,12984,6.61,963,7.42,6108.92,210964.41,34.53
CMP-50456,Email Marketing,Variant B (New Copy),177590,5629,3.17,301,5.36,3895.59,46820.55,12.02
CMP-50457,Email Marketing,Variant B (New Copy),180440,6531,3.62,216,3.32,6259.68,45792.0,7.32
CMP-50458,LinkedIn,Variant C (Video Ad),103333,4184,4.05,283,6.77,6489.71,61827.01,9.53
CMP-50459,LinkedIn,Variant C (Video Ad),218393,7359,3.37,894,12.16,5089.56,194748.96,38.26
CMP-50460,LinkedIn,Variant C (Video Ad),176927,10845,6.13,865,7.98,1987.01,43241.35,21.76
CMP-50461,Meta Ads,Variant C (Video Ad),138875,7527,5.42,882,11.73,7995.88,183376.62,22.93
CMP-50462,LinkedIn,Variant C (Video Ad),212822,10619,4.99,1189,11.2,2702.12,233317.47,86.35
CMP-50463,SEO Organic,Variant C (Video Ad),233931,12117,5.18,762,6.29,3899.46,49552.86,12.71
CMP-50464,Google Ads,Variant B (New Copy),92114,1225,1.33,94,7.7,1063.41,16017.6,15.06
CMP-50465,LinkedIn,Variant B (New Copy),220563,3837,1.74,344,8.98,2602.4,51307.6,19.72
CMP-50466,SEO Organic,Variant A (Control),157430,6486,4.12,671,10.35,4964.53,74950.7,15.1
CMP-50467,Google Ads,Variant A (Control),107577,4636,4.31,388,8.39,793.83,22341.04,28.14
CMP-50468,SEO Organic,Variant B (New Copy),228594,4366,1.91,370,8.49,360.38,21778.2,60.43
CMP-50469,Meta Ads,Variant B (New Copy),142910,3429,2.4,138,4.03,6139.13,10283.76,1.68
CMP-50470,LinkedIn,Variant A (Control),25797,874,3.39,51,5.93,7048.03,2912.1,0.41
CMP-50471,Google Ads,Variant B (New Copy),173836,9560,5.5,843,8.82,4997.79,88582.44,17.72
CMP-50472,Meta Ads,Variant B (New Copy),210232,4309,2.05,336,7.82,4548.31,22491.84,4.95
CMP-50473,Google Ads,Variant C (Video Ad),224875,13852,6.16,1310,9.46,943.42,227285.0,240.92
CMP-50474,Meta Ads,Variant C (Video Ad),74823,1623,2.17,152,9.42,547.68,28539.52,52.11
CMP-50475,Email Marketing,Variant A (Control),43031,1333,3.1,89,6.74,5100.58,6187.28,1.21
CMP-50476,Meta Ads,Variant A (Control),222790,3119,1.4,383,12.31,6926.61,51333.49,7.41
CMP-50477,SEO Organic,Variant C (Video Ad),26104,788,3.02,74,9.48,7654.65,5976.24,0.78
CMP-50478,Google Ads,Variant B (New Copy),46090,2553,5.54,90,3.53,742.11,14351.4,19.34
CMP-50479,Email Marketing,Variant A (Control),212076,12194,5.75,1255,10.3,4342.64,141313.0,32.54
CMP-50480,Email Marketing,Variant A (Control),180904,2840,1.57,216,7.64,4415.94,41882.4,9.48
CMP-50481,LinkedIn,Variant A (Control),188934,5649,2.99,659,11.68,3084.51,51514.03,16.7
CMP-50482,SEO Organic,Variant A (Control),68286,4541,6.65,161,3.56,2550.74,19733.77,7.74
CMP-50483,SEO Organic,Variant C (Video Ad),140974,3214,2.28,341,10.64,2116.92,54212.18,25.61
CMP-50484,Google Ads,Variant B (New Copy),82954,4214,5.08,353,8.4,6877.48,31586.44,4.59
CMP-50485,Email Marketing,Variant A (Control),180331,7790,4.32,713,9.16,5626.88,110686.12,19.67
CMP-50486,LinkedIn,Variant A (Control),117226,5005,4.27,158,3.16,978.75,31377.22,32.06
CMP-50487,Meta Ads,Variant C (Video Ad),83781,3602,4.3,75,2.09,3907.59,5130.75,1.31
CMP-50488,Google Ads,Variant B (New Copy),210408,8795,4.18,508,5.78,7108.3,82108.04,11.55
CMP-50489,SEO Organic,Variant B (New Copy),96312,4045,4.2,129,3.21,1317.64,15816.69,12.0
CMP-50490,Email Marketing,Variant B (New Copy),189811,2334,1.23,87,3.76,7873.16,10363.44,1.32
CMP-50491,Email Marketing,Variant B (New Copy),43160,1329,3.08,111,8.39,1778.0,19110.87,10.75
CMP-50492,LinkedIn,Variant B (New Copy),246524,6705,2.72,950,14.17,1246.51,176500.5,141.6
CMP-50493,Google Ads,Variant B (New Copy),125357,4939,3.94,538,10.91,803.11,102768.76,127.96
CMP-50494,SEO Organic,Variant A (Control),13900,490,3.53,47,9.6,2573.44,8977.47,3.49
CMP-50495,Email Marketing,Variant A (Control),15083,757,5.02,56,7.45,1586.5,6874.56,4.33
CMP-50496,LinkedIn,Variant B (New Copy),58574,3362,5.74,287,8.54,2134.91,23499.56,11.01
CMP-50497,LinkedIn,Variant C (Video Ad),233669,8785,3.76,1077,12.27,7890.05,127506.03,16.16
CMP-50498,SEO Organic,Variant C (Video Ad),229996,15156,6.59,1338,8.83,7539.96,105594.96,14.0
CMP-50499,Meta Ads,Variant B (New Copy),232483,13832,5.95,1763,12.75,2892.18,136174.12,47.08
CMP-50500,Meta Ads,Variant B (New Copy),126901,3375,2.66,259,7.69,4759.19,20378.12,4.28
CMP-50501,SEO Organic,Variant B (New Copy),139014,8479,6.1,456,5.38,3971.43,21276.96,5.36
CMP-50502,SEO Organic,Variant B (New Copy),240629,12151,5.05,1087,8.95,2879.26,79851.02,27.73
CMP-50503,Google Ads,Variant C (Video Ad),242877,11439,4.71,420,3.68,5871.95,22218.0,3.78
CMP-50504,LinkedIn,Variant A (Control),176171,3593,2.04,321,8.95,2465.46,68684.37,27.86
CMP-50505,Google Ads,Variant A (Control),69269,3463,5.0,267,7.72,5232.54,37855.26,7.23
CMP-50506,LinkedIn,Variant A (Control),104086,6120,5.88,632,10.34,1264.6,63155.76,49.94
CMP-50507,Email Marketing,Variant A (Control),152354,3519,2.31,209,5.96,4656.92,32810.91,7.05
CMP-50508,Meta Ads,Variant B (New Copy),238437,7391,3.1,549,7.43,5095.68,53928.27,10.58
CMP-50509,Google Ads,Variant C (Video Ad),161257,6272,3.89,582,9.29,2772.38,96850.62,34.93
CMP-50510,Meta Ads,Variant C (Video Ad),178630,11110,6.22,564,5.08,2726.99,57037.32,20.92
CMP-50511,Meta Ads,Variant C (Video Ad),112203,4476,3.99,178,3.99,6871.64,26125.06,3.8
CMP-50512,Meta Ads,Variant C (Video Ad),64785,1101,1.7,96,8.8,4345.16,10937.28,2.52
CMP-50513,Email Marketing,Variant B (New Copy),114871,2860,2.49,376,13.18,1722.74,50620.88,29.38
CMP-50514,Google Ads,Variant C (Video Ad),31420,549,1.75,25,4.73,1165.54,3359.0,2.88
CMP-50515,LinkedIn,Variant C (Video Ad),218049,8285,3.8,170,2.06,3043.04,36995.4,12.16
CMP-50516,SEO Organic,Variant A (Control),28522,1819,6.38,214,11.79,2307.04,10813.42,4.69
CMP-50517,Email Marketing,Variant B (New Copy),178558,4838,2.71,434,8.98,3020.92,93748.34,31.03
CMP-50518,Email Marketing,Variant B (New Copy),189378,9071,4.79,998,11.01,2406.02,149201.0,62.01
CMP-50519,Google Ads,Variant B (New Copy),103445,5896,5.7,416,7.07,1842.35,36795.2,19.97
CMP-50520,LinkedIn,Variant B (New Copy),53061,3077,5.8,164,5.34,2625.23,24616.4,9.38
CMP-50521,Email Marketing,Variant B (New Copy),38467,1180,3.07,111,9.48,1492.44,23499.81,15.75
CMP-50522,Meta Ads,Variant A (Control),165693,9626,5.81,494,5.14,3388.58,51805.78,15.29
CMP-50523,Email Marketing,Variant B (New Copy),117029,7829,6.69,1037,13.25,5458.98,125197.01,22.93
CMP-50524,Meta Ads,Variant B (New Copy),157996,10001,6.33,1147,11.47,2072.11,236534.34,114.15
CMP-50525,LinkedIn,Variant A (Control),91856,3067,3.34,318,10.39,6793.58,46666.5,6.87
CMP-50526,Meta Ads,Variant C (Video Ad),163900,3343,2.04,302,9.06,6827.37,18923.32,2.77
CMP-50527,LinkedIn,Variant C (Video Ad),166083,4069,2.45,283,6.97,1941.65,29516.9,15.2
CMP-50528,Meta Ads,Variant C (Video Ad),22502,924,4.11,40,4.36,6156.19,2362.0,0.38
CMP-50529,Email Marketing,Variant C (Video Ad),182832,7459,4.08,499,6.7,2332.24,94585.45,40.56
CMP-50530,Email Marketing,Variant C (Video Ad),124512,7308,5.87,849,11.63,1835.44,38688.93,21.08
CMP-50531,Google Ads,Variant C (Video Ad),32717,2178,6.66,135,6.24,2250.08,25852.5,11.49
CMP-50532,SEO Organic,Variant A (Control),113255,6138,5.42,443,7.23,7625.94,26300.91,3.45
CMP-50533,Email Marketing,Variant C (Video Ad),24909,1295,5.2,72,5.6,5844.63,10247.04,1.75
CMP-50534,Email Marketing,Variant B (New Copy),224532,2963,1.32,366,12.36,894.79,20605.8,23.03
CMP-50535,SEO Organic,Variant C (Video Ad),88441,4616,5.22,430,9.33,4413.39,43309.6,9.81
CMP-50536,Google Ads,Variant A (Control),249898,9721,3.89,366,3.77,915.21,24862.38,27.17
CMP-50537,Email Marketing,Variant B (New Copy),17457,499,2.86,17,3.57,1592.25,1260.21,0.79
CMP-50538,LinkedIn,Variant C (Video Ad),158297,7598,4.8,876,11.54,5303.07,44010.24,8.3
CMP-50539,Google Ads,Variant A (Control),204848,5162,2.52,348,6.76,2425.88,70998.96,29.27
CMP-50540,SEO Organic,Variant C (Video Ad),40560,571,1.41,30,5.27,6985.9,6226.5,0.89
CMP-50541,LinkedIn,Variant B (New Copy),19568,1148,5.87,46,4.08,6939.72,3283.02,0.47
CMP-50542,LinkedIn,Variant B (New Copy),184986,9008,4.87,905,10.05,6436.12,142039.75,22.07
CMP-50543,Meta Ads,Variant B (New Copy),213074,12954,6.08,494,3.82,2879.09,66492.4,23.09
CMP-50544,Google Ads,Variant C (Video Ad),123984,4525,3.65,490,10.83,2367.87,80017.0,33.79
CMP-50545,Meta Ads,Variant C (Video Ad),161557,5185,3.21,478,9.22,4910.54,102865.6,20.95
CMP-50546,LinkedIn,Variant B (New Copy),185833,2713,1.46,364,13.45,2385.62,63874.72,26.77
CMP-50547,SEO Organic,Variant A (Control),68252,4074,5.97,324,7.97,4156.55,60413.04,14.53
CMP-50548,SEO Organic,Variant B (New Copy),114439,7449,6.51,834,11.2,4440.46,154298.34,34.75
CMP-50549,LinkedIn,Variant C (Video Ad),191918,12321,6.42,344,2.8,1653.07,24427.44,14.78
CMP-50550,LinkedIn,Variant C (Video Ad),109504,1533,1.4,127,8.32,5252.47,22543.77,4.29
CMP-50551,Google Ads,Variant C (Video Ad),112727,2277,2.02,79,3.5,2872.41,8965.71,3.12
CMP-50552,Meta Ads,Variant B (New Copy),33373,607,1.82,82,13.61,7895.28,15103.58,1.91
CMP-50553,SEO Organic,Variant B (New Copy),25146,1297,5.16,112,8.66,7194.3,13516.16,1.88
CMP-50554,SEO Organic,Variant C (Video Ad),83449,3329,3.99,197,5.92,2628.11,25858.22,9.84
CMP-50555,Google Ads,Variant C (Video Ad),220007,3300,1.5,215,6.52,3471.31,19717.65,5.68
CMP-50556,SEO Organic,Variant C (Video Ad),83280,3397,4.08,418,12.33,6395.61,82463.04,12.89
CMP-50557,LinkedIn,Variant B (New Copy),199388,2891,1.45,237,8.2,3554.92,24707.25,6.95
CMP-50558,Email Marketing,Variant B (New Copy),215806,7898,3.66,822,10.42,2077.28,56718.0,27.3
CMP-50559,SEO Organic,Variant B (New Copy),210859,6494,3.08,346,5.33,1910.95,29313.12,15.34
CMP-50560,Email Marketing,Variant A (Control),239245,11077,4.63,876,7.91,1269.34,151565.52,119.4
CMP-50561,Meta Ads,Variant C (Video Ad),190324,10163,5.34,1254,12.34,5169.33,214734.96,41.54
CMP-50562,LinkedIn,Variant A (Control),237388,15762,6.64,1881,11.94,1757.38,214001.37,121.77
CMP-50563,Meta Ads,Variant B (New Copy),203069,8407,4.14,954,11.35,3781.28,120948.12,31.99
CMP-50564,SEO Organic,Variant B (New Copy),94395,3974,4.21,383,9.65,3812.01,81314.73,21.33
CMP-50565,Google Ads,Variant C (Video Ad),48427,687,1.42,74,10.79,2901.42,7559.1,2.61
CMP-50566,LinkedIn,Variant B (New Copy),112192,2737,2.44,206,7.56,6100.83,23356.28,3.83
CMP-50567,SEO Organic,Variant C (Video Ad),208009,3806,1.83,442,11.62,1400.79,70914.48,50.62
CMP-50568,Meta Ads,Variant A (Control),65260,3928,6.02,452,11.51,7754.13,34822.08,4.49
CMP-50569,Google Ads,Variant A (Control),138997,6296,4.53,768,12.2,4694.64,144107.52,30.7
CMP-50570,Google Ads,Variant B (New Copy),178473,7513,4.21,743,9.89,5816.68,61379.23,10.55
CMP-50571,Google Ads,Variant A (Control),55726,1393,2.5,76,5.52,3744.65,12751.28,3.41
CMP-50572,Meta Ads,Variant C (Video Ad),139583,6602,4.73,623,9.44,2972.13,28782.6,9.68
CMP-50573,Meta Ads,Variant C (Video Ad),44036,1981,4.5,181,9.14,1299.35,13046.48,10.04
CMP-50574,Google Ads,Variant A (Control),71439,1693,2.37,36,2.15,2500.71,7185.24,2.87
CMP-50575,LinkedIn,Variant C (Video Ad),11846,581,4.91,65,11.33,680.07,11161.8,16.41
CMP-50576,Email Marketing,Variant C (Video Ad),87778,4011,4.57,113,2.82,7758.34,24502.92,3.16
CMP-50577,SEO Organic,Variant A (Control),151179,2947,1.95,329,11.17,3468.44,39131.26,11.28
CMP-50578,LinkedIn,Variant C (Video Ad),72794,3101,4.26,110,3.55,3631.38,9267.5,2.55
CMP-50579,Meta Ads,Variant C (Video Ad),13640,688,5.05,65,9.5,1979.41,5765.5,2.91
CMP-50580,Meta Ads,Variant A (Control),123694,6679,5.4,657,9.85,6719.5,52415.46,7.8
CMP-50581,Email Marketing,Variant A (Control),88427,4624,5.23,122,2.66,4141.89,14330.12,3.46
CMP-50582,SEO Organic,Variant B (New Copy),242054,7842,3.24,1124,14.34,971.69,182290.32,187.6
CMP-50583,LinkedIn,Variant C (Video Ad),38229,1540,4.03,135,8.77,389.99,22599.0,57.95
CMP-50584,SEO Organic,Variant C (Video Ad),85617,4195,4.9,150,3.59,7615.49,27570.0,3.62
CMP-50585,Meta Ads,Variant A (Control),71854,1120,1.56,95,8.51,6023.15,13908.0,2.31
CMP-50586,LinkedIn,Variant C (Video Ad),187354,7737,4.13,626,8.1,5260.72,44295.76,8.42
CMP-50587,Google Ads,Variant A (Control),188228,8150,4.33,841,10.33,5600.89,173035.75,30.89
CMP-50588,Email Marketing,Variant A (Control),70207,1425,2.03,147,10.37,5335.03,29301.51,5.49
CMP-50589,Email Marketing,Variant B (New Copy),204083,7469,3.66,419,5.61,566.56,64672.65,114.15
CMP-50590,LinkedIn,Variant B (New Copy),42407,521,1.23,77,14.92,1866.57,13728.33,7.35
CMP-50591,LinkedIn,Variant B (New Copy),49707,1540,3.1,136,8.88,1367.69,20355.12,14.88
CMP-50592,LinkedIn,Variant A (Control),221649,8821,3.98,483,5.48,2324.52,85022.49,36.58
CMP-50593,Google Ads,Variant A (Control),66398,2967,4.47,217,7.32,5229.35,12863.76,2.46
CMP-50594,SEO Organic,Variant A (Control),108090,3956,3.66,107,2.72,6969.04,5014.02,0.72
CMP-50595,Meta Ads,Variant C (Video Ad),165388,6102,3.69,492,8.07,6538.04,102099.84,15.62
CMP-50596,Meta Ads,Variant B (New Copy),246001,4206,1.71,474,11.29,6961.08,102876.96,14.78
CMP-50597,LinkedIn,Variant A (Control),101277,1478,1.46,123,8.37,3303.33,7825.26,2.37
CMP-50598,Email Marketing,Variant A (Control),121095,7144,5.9,362,5.08,7196.56,76211.86,10.59
CMP-50599,Email Marketing,Variant B (New Copy),216455,7835,3.62,887,11.33,4457.99,104337.81,23.4
CMP-50600,Email Marketing,Variant B (New Copy),176132,7379,4.19,864,11.71,4635.17,101934.72,21.99
CMP-50601,Google Ads,Variant B (New Copy),54601,3003,5.5,269,8.96,6406.82,37810.64,5.9
CMP-50602,Google Ads,Variant A (Control),34507,1746,5.06,198,11.35,787.9,33941.16,43.08
CMP-50603,SEO Organic,Variant C (Video Ad),49333,1544,3.13,126,8.22,1678.25,6713.28,4.0
CMP-50604,LinkedIn,Variant A (Control),40357,1565,3.88,122,7.85,6806.25,12429.36,1.83
CMP-50605,Google Ads,Variant B (New Copy),242644,4974,2.05,642,12.92,4188.62,31830.36,7.6
CMP-50606,Google Ads,Variant B (New Copy),169615,10668,6.29,1585,14.86,6646.38,147405.0,22.18
CMP-50607,SEO Organic,Variant A (Control),107882,6386,5.92,466,7.31,5252.75,68828.2,13.1
CMP-50608,LinkedIn,Variant C (Video Ad),32837,1267,3.86,147,11.62,7340.63,9850.47,1.34
CMP-50609,Google Ads,Variant B (New Copy),135663,3228,2.38,90,2.79,4332.63,10980.0,2.53
CMP-50610,SEO Organic,Variant B (New Copy),96891,6201,6.4,469,7.57,1540.19,92655.64,60.16
CMP-50611,SEO Organic,Variant B (New Copy),87479,1618,1.85,89,5.53,1778.53,12602.4,7.09
CMP-50612,Google Ads,Variant A (Control),189130,12047,6.37,316,2.63,3998.45,40577.56,10.15
CMP-50613,Google Ads,Variant A (Control),72575,4223,5.82,225,5.34,1373.35,23143.5,16.85
CMP-50614,Google Ads,Variant B (New Copy),55593,2123,3.82,239,11.28,6010.56,45572.52,7.58
CMP-50615,LinkedIn,Variant B (New Copy),245241,3678,1.5,337,9.17,6909.57,63305.45,9.16
CMP-50616,Meta Ads,Variant A (Control),143040,9683,6.77,1061,10.96,2331.78,118396.99,50.78
CMP-50617,LinkedIn,Variant A (Control),99572,5874,5.9,253,4.31,5792.3,37282.08,6.44
CMP-50618,Google Ads,Variant C (Video Ad),207228,10009,4.83,728,7.28,1464.48,71919.12,49.11
CMP-50619,LinkedIn,Variant C (Video Ad),92672,3456,3.73,173,5.01,3539.52,16718.72,4.72
CMP-50620,Meta Ads,Variant A (Control),70444,1070,1.52,113,10.57,1970.82,22484.74,11.41
CMP-50621,LinkedIn,Variant C (Video Ad),213800,3549,1.66,114,3.24,5402.34,24791.58,4.59
CMP-50622,Meta Ads,Variant B (New Copy),10841,649,5.99,52,8.14,4937.86,5622.24,1.14
CMP-50623,SEO Organic,Variant C (Video Ad),18756,995,5.31,82,8.26,4896.78,12475.48,2.55
CMP-50624,SEO Organic,Variant C (Video Ad),233477,12817,5.49,1297,10.12,3712.83,102813.19,27.69
CMP-50625,Meta Ads,Variant A (Control),56181,3236,5.76,348,10.76,7012.42,58119.48,8.29
CMP-50626,Email Marketing,Variant C (Video Ad),235413,14101,5.99,779,5.53,6273.17,81545.72,13.0
CMP-50627,Google Ads,Variant A (Control),243685,4800,1.97,417,8.7,438.9,32630.25,74.35
CMP-50628,LinkedIn,Variant B (New Copy),224121,11161,4.98,1123,10.07,5659.14,138948.79,24.55
CMP-50629,LinkedIn,Variant A (Control),65666,3946,6.01,474,12.03,6021.34,54197.16,9.0
CMP-50630,Google Ads,Variant C (Video Ad),59511,2993,5.03,335,11.22,4875.14,30026.05,6.16
CMP-50631,Google Ads,Variant C (Video Ad),53841,780,1.45,75,9.67,612.86,9326.25,15.22
CMP-50632,SEO Organic,Variant A (Control),81970,1065,1.3,71,6.72,3725.14,4132.91,1.11
CMP-50633,Email Marketing,Variant C (Video Ad),25704,452,1.76,10,2.33,5883.84,1732.0,0.29
CMP-50634,Google Ads,Variant B (New Copy),221063,5637,2.55,756,13.42,5891.99,90961.92,15.44
CMP-50635,Meta Ads,Variant A (Control),106490,3418,3.21,301,8.83,2156.2,46028.92,21.35
CMP-50636,Email Marketing,Variant B (New Copy),62964,1114,1.77,171,15.39,1310.8,37151.46,28.34
CMP-50637,SEO Organic,Variant B (New Copy),36227,2050,5.66,302,14.78,1520.93,66394.7,43.65
CMP-50638,Google Ads,Variant A (Control),45317,1336,2.95,54,4.07,6761.52,5587.38,0.83
CMP-50639,SEO Organic,Variant A (Control),149733,3713,2.48,89,2.4,647.37,6269.16,9.68
CMP-50640,Email Marketing,Variant C (Video Ad),80088,1017,1.27,92,9.05,4852.99,10129.2,2.09
CMP-50641,Email Marketing,Variant C (Video Ad),145476,7637,5.25,849,11.13,7347.65,89671.38,12.2
CMP-50642,SEO Organic,Variant C (Video Ad),19971,1030,5.16,37,3.68,3640.4,2838.64,0.78
CMP-50643,LinkedIn,Variant C (Video Ad),46565,2831,6.08,267,9.45,2586.53,30128.28,11.65
CMP-50644,Meta Ads,Variant C (Video Ad),82990,5062,6.1,362,7.16,5304.74,75201.88,14.18
CMP-50645,Email Marketing,Variant C (Video Ad),172937,6104,3.53,626,10.26,6562.03,121418.96,18.5
CMP-50646,SEO Organic,Variant C (Video Ad),235056,13609,5.79,280,2.06,3138.99,16545.2,5.27
CMP-50647,LinkedIn,Variant C (Video Ad),180388,6872,3.81,707,10.3,6559.37,139144.67,21.21
CMP-50648,Meta Ads,Variant C (Video Ad),203920,5077,2.49,255,5.04,2226.14,23633.4,10.62
CMP-50649,Google Ads,Variant B (New Copy),247027,10819,4.38,1574,14.55,6689.04,261063.64,39.03
CMP-50650,SEO Organic,Variant B (New Copy),86735,2454,2.83,138,5.64,4092.08,29195.28,7.13
CMP-50651,Google Ads,Variant B (New Copy),175325,11185,6.38,488,4.37,462.42,105681.28,228.54
CMP-50652,Google Ads,Variant C (Video Ad),37857,2131,5.63,220,10.36,2010.03,13395.8,6.66
CMP-50653,Google Ads,Variant C (Video Ad),88555,1124,1.27,63,5.62,7802.4,7996.59,1.02
CMP-50654,Email Marketing,Variant A (Control),28836,1721,5.97,198,11.52,2243.1,19501.02,8.69
CMP-50655,LinkedIn,Variant A (Control),25558,784,3.07,40,5.16,2307.88,7069.2,3.06
CMP-50656,Email Marketing,Variant B (New Copy),243959,7782,3.19,1004,12.91,1438.23,85450.44,59.41
CMP-50657,Meta Ads,Variant C (Video Ad),176516,7396,4.19,223,3.02,3334.93,19126.71,5.74
CMP-50658,Email Marketing,Variant C (Video Ad),32346,1439,4.45,78,5.43,4268.59,15202.2,3.56
CMP-50659,Google Ads,Variant B (New Copy),69175,3894,5.63,515,13.24,7303.25,34175.4,4.68
CMP-50660,Email Marketing,Variant A (Control),101407,3163,3.12,110,3.5,2652.05,20633.8,7.78
CMP-50661,Email Marketing,Variant A (Control),209469,13217,6.31,1255,9.5,6272.91,175725.1,28.01
CMP-50662,Meta Ads,Variant A (Control),64861,4254,6.56,159,3.75,4344.6,28422.84,6.54
CMP-50663,Meta Ads,Variant B (New Copy),25872,763,2.95,45,5.93,7050.03,3132.45,0.44
CMP-50664,LinkedIn,Variant A (Control),51937,1729,3.33,96,5.6,2792.67,7353.6,2.63
CMP-50665,LinkedIn,Variant C (Video Ad),23189,493,2.13,47,9.57,2208.47,2354.7,1.07
CMP-50666,Google Ads,Variant C (Video Ad),102868,4968,4.83,475,9.57,5919.22,89352.25,15.1
CMP-50667,Google Ads,Variant B (New Copy),71773,3509,4.89,328,9.35,1653.87,27699.6,16.75
CMP-50668,LinkedIn,Variant C (Video Ad),22093,989,4.48,46,4.72,2456.58,10058.82,4.09
CMP-50669,SEO Organic,Variant C (Video Ad),213696,13356,6.25,1485,11.12,5859.31,281689.65,48.08
CMP-50670,Meta Ads,Variant B (New Copy),209134,2948,1.41,131,4.47,852.03,12429.28,14.59
CMP-50671,Email Marketing,Variant A (Control),70912,1708,2.41,80,4.74,1756.34,13733.6,7.82
CMP-50672,Email Marketing,Variant A (Control),54243,3270,6.03,175,5.38,2972.84,33045.25,11.12
CMP-50673,Email Marketing,Variant A (Control),86229,4078,4.73,132,3.26,2341.6,25684.56,10.97
CMP-50674,LinkedIn,Variant B (New Copy),129121,6352,4.92,987,15.55,735.19,122160.99,166.16
CMP-50675,LinkedIn,Variant C (Video Ad),45393,912,2.01,81,8.95,7456.13,16159.5,2.17
CMP-50676,SEO Organic,Variant B (New Copy),118548,3817,3.22,362,9.49,3115.67,22947.18,7.37
CMP-50677,LinkedIn,Variant A (Control),165563,1986,1.2,197,9.95,7386.65,35326.04,4.78
CMP-50678,Email Marketing,Variant B (New Copy),93127,4544,4.88,277,6.11,3468.47,53987.3,15.57
CMP-50679,SEO Organic,Variant C (Video Ad),207555,9506,4.58,1184,12.46,437.05,142257.6,325.5
CMP-50680,Meta Ads,Variant A (Control),134531,7883,5.86,818,10.38,3499.17,158037.6,45.16
CMP-50681,Meta Ads,Variant B (New Copy),208108,13547,6.51,1219,9.0,1691.87,117145.9,69.24
CMP-50682,Meta Ads,Variant A (Control),140822,2168,1.54,239,11.07,4979.74,24499.89,4.92
CMP-50683,Meta Ads,Variant A (Control),77455,1673,2.16,165,9.89,4452.62,33103.95,7.43
CMP-50684,Meta Ads,Variant A (Control),72843,1143,1.57,44,3.86,3064.1,4442.24,1.45
CMP-50685,Email Marketing,Variant B (New Copy),135058,3619,2.68,228,6.32,1840.67,25960.08,14.1
CMP-50686,Meta Ads,Variant B (New Copy),47677,839,1.76,22,2.71,2203.11,1167.76,0.53
CMP-50687,SEO Organic,Variant C (Video Ad),129562,7397,5.71,754,10.2,5056.05,134837.82,26.67
CMP-50688,SEO Organic,Variant A (Control),79867,5023,6.29,423,8.44,7043.28,47989.35,6.81
CMP-50689,Email Marketing,Variant C (Video Ad),61478,1991,3.24,169,8.52,6526.68,17540.51,2.69
CMP-50690,Email Marketing,Variant A (Control),219796,3934,1.79,212,5.41,1451.57,39321.76,27.09
CMP-50691,Meta Ads,Variant B (New Copy),129160,7659,5.93,1151,15.03,4447.1,218459.8,49.12
CMP-50692,Meta Ads,Variant B (New Copy),202574,7839,3.87,288,3.68,3619.71,42356.16,11.7
CMP-50693,Email Marketing,Variant B (New Copy),125152,3041,2.43,391,12.89,1226.63,67983.17,55.42
CMP-50694,Email Marketing,Variant C (Video Ad),211734,13381,6.32,1655,12.37,4840.78,309451.9,63.93
CMP-50695,LinkedIn,Variant B (New Copy),137543,5336,3.88,258,4.84,6213.9,27035.82,4.35
CMP-50696,Meta Ads,Variant B (New Copy),201718,11296,5.6,1155,10.23,7594.2,172891.95,22.77
CMP-50697,Email Marketing,Variant A (Control),130636,4480,3.43,462,10.32,2403.85,67327.26,28.01
CMP-50698,Google Ads,Variant B (New Copy),67877,963,1.42,148,15.46,4839.21,31213.2,6.45
CMP-50699,Meta Ads,Variant A (Control),195772,4718,2.41,476,10.1,5900.78,69881.56,11.84
CMP-50700,Google Ads,Variant B (New Copy),141102,5573,3.95,288,5.18,5130.11,56494.08,11.01
CMP-50701,Meta Ads,Variant C (Video Ad),58524,948,1.62,69,7.29,3794.5,13945.59,3.68
CMP-50702,Google Ads,Variant C (Video Ad),110672,2213,2.0,193,8.75,6927.84,26448.72,3.82
CMP-50703,Email Marketing,Variant A (Control),96077,5130,5.34,165,3.23,668.6,31820.25,47.59
CMP-50704,SEO Organic,Variant B (New Copy),65626,1883,2.87,240,12.75,3471.79,25214.4,7.26
CMP-50705,Google Ads,Variant A (Control),172586,4918,2.85,416,8.47,2310.03,73873.28,31.98
CMP-50706,SEO Organic,Variant A (Control),163462,4102,2.51,360,8.8,6272.51,75016.8,11.96
CMP-50707,Google Ads,Variant B (New Copy),234152,8195,3.5,370,4.52,5929.19,79457.5,13.4
CMP-50708,Google Ads,Variant C (Video Ad),126626,5584,4.41,627,11.23,4685.21,87428.88,18.66
CMP-50709,Email Marketing,Variant A (Control),179712,10279,5.72,666,6.48,6032.52,82757.16,13.72
CMP-50710,Email Marketing,Variant A (Control),173449,5723,3.3,252,4.42,3165.55,32291.28,10.2
CMP-50711,Email Marketing,Variant A (Control),14841,835,5.63,56,6.75,3131.95,5037.2,1.61
CMP-50712,SEO Organic,Variant B (New Copy),39947,2065,5.17,309,15.01,2082.05,40970.31,19.68
CMP-50713,Google Ads,Variant A (Control),27388,1032,3.77,119,11.62,6412.53,18800.81,2.93
CMP-50714,Google Ads,Variant C (Video Ad),132982,6037,4.54,745,12.35,4021.93,117143.8,29.13
CMP-50715,SEO Organic,Variant C (Video Ad),141735,7469,5.27,570,7.64,3395.33,117095.1,34.49
CMP-50716,Meta Ads,Variant B (New Copy),118592,6107,5.15,484,7.94,2309.48,96954.88,41.98
CMP-50717,SEO Organic,Variant C (Video Ad),10960,211,1.93,24,11.69,501.21,1797.6,3.59
CMP-50718,Meta Ads,Variant C (Video Ad),88878,2533,2.85,153,6.07,942.15,25535.7,27.1
CMP-50719,LinkedIn,Variant A (Control),133987,6846,5.11,395,5.77,3633.32,46064.9,12.68
CMP-50720,Meta Ads,Variant B (New Copy),103025,6851,6.65,903,13.19,2600.04,75147.66,28.9
CMP-50721,SEO Organic,Variant A (Control),61675,3342,5.42,128,3.84,7889.15,20847.36,2.64
CMP-50722,SEO Organic,Variant B (New Copy),16630,779,4.69,92,11.84,1741.77,10505.48,6.03
CMP-50723,SEO Organic,Variant A (Control),129323,4487,3.47,209,4.68,4595.18,25782.24,5.61
CMP-50724,LinkedIn,Variant A (Control),126454,2996,2.37,159,5.31,4556.99,14441.97,3.17
CMP-50725,Google Ads,Variant C (Video Ad),188813,9459,5.01,1062,11.23,498.91,198795.78,398.46
CMP-50726,LinkedIn,Variant B (New Copy),132807,2735,2.06,338,12.38,1327.26,31055.44,23.4
CMP-50727,Email Marketing,Variant C (Video Ad),95821,5480,5.72,447,8.17,3478.95,76191.15,21.9
CMP-50728,LinkedIn,Variant B (New Copy),39038,1565,4.01,211,13.54,898.74,25351.65,28.21
CMP-50729,SEO Organic,Variant A (Control),138481,3462,2.5,329,9.51,5891.33,17453.45,2.96
CMP-50730,Google Ads,Variant B (New Copy),159179,6112,3.84,474,7.77,7549.1,25183.62,3.34
CMP-50731,Meta Ads,Variant A (Control),13598,182,1.34,21,11.66,5604.77,2525.67,0.45
CMP-50732,Meta Ads,Variant A (Control),144119,3069,2.13,141,4.61,2760.72,9824.88,3.56
CMP-50733,SEO Organic,Variant B (New Copy),36589,779,2.13,46,5.91,2888.63,7737.66,2.68
CMP-50734,Meta Ads,Variant C (Video Ad),174025,3149,1.81,307,9.78,7186.05,22914.48,3.19
CMP-50735,LinkedIn,Variant C (Video Ad),225061,3038,1.35,141,4.65,913.85,11013.51,12.05
CMP-50736,Email Marketing,Variant B (New Copy),78415,2470,3.15,168,6.82,2711.22,20632.08,7.61
CMP-50737,Email Marketing,Variant B (New Copy),118978,6198,5.21,611,9.86,3547.97,118179.62,33.31
CMP-50738,LinkedIn,Variant A (Control),227194,10360,4.56,1159,11.19,3438.6,155850.73,45.32
CMP-50739,SEO Organic,Variant B (New Copy),107186,5348,4.99,478,8.94,757.27,82517.14,108.97
CMP-50740,Meta Ads,Variant C (Video Ad),245750,4325,1.76,400,9.27,6884.85,46372.0,6.74
CMP-50741,LinkedIn,Variant A (Control),222788,4879,2.19,353,7.25,3119.71,48537.5,15.56
CMP-50742,SEO Organic,Variant B (New Copy),128698,1827,1.42,203,11.15,6562.44,9892.19,1.51
CMP-50743,SEO Organic,Variant C (Video Ad),201135,10760,5.35,343,3.19,4659.32,28822.29,6.19
CMP-50744,Email Marketing,Variant A (Control),25695,678,2.64,54,8.07,4111.08,8637.3,2.1
CMP-50745,Meta Ads,Variant C (Video Ad),120680,3161,2.62,242,7.67,5030.8,48012.8,9.54
CMP-50746,Email Marketing,Variant C (Video Ad),149598,9334,6.24,644,6.9,2718.69,133565.6,49.13
CMP-50747,Meta Ads,Variant C (Video Ad),36345,726,2.0,75,10.42,6429.28,9726.75,1.51
CMP-50748,Google Ads,Variant B (New Copy),60095,3960,6.59,380,9.61,4146.7,22142.6,5.34
CMP-50749,SEO Organic,Variant C (Video Ad),228140,10699,4.69,452,4.23,6157.04,96339.28,15.65
CMP-50750,SEO Organic,Variant B (New Copy),178135,11632,6.53,642,5.52,6028.4,80859.9,13.41
CMP-50751,Email Marketing,Variant A (Control),70823,4589,6.48,93,2.03,535.06,18909.69,35.34
CMP-50752,LinkedIn,Variant C (Video Ad),223072,5086,2.28,450,8.86,7236.93,74866.5,10.35
CMP-50753,SEO Organic,Variant B (New Copy),176637,5087,2.88,651,12.8,6632.85,116522.49,17.57
CMP-50754,Meta Ads,Variant A (Control),13679,190,1.39,23,12.18,7005.62,3255.19,0.46
CMP-50755,Email Marketing,Variant B (New Copy),153233,5056,3.3,588,11.64,5644.9,123056.64,21.8
CMP-50756,LinkedIn,Variant C (Video Ad),137360,5672,4.13,479,8.46,2597.43,35570.54,13.69
CMP-50757,Google Ads,Variant A (Control),245713,6855,2.79,601,8.77,3355.2,60160.1,17.93
CMP-50758,Email Marketing,Variant A (Control),54294,2785,5.13,80,2.89,5136.14,5126.4,1.0
CMP-50759,Email Marketing,Variant A (Control),129641,8297,6.4,919,11.08,1666.95,77719.83,46.62
CMP-50760,Google Ads,Variant C (Video Ad),162357,6120,3.77,736,12.03,2245.7,94134.4,41.92
CMP-50761,Email Marketing,Variant A (Control),131228,3582,2.73,157,4.4,5202.23,12677.75,2.44
CMP-50762,Google Ads,Variant A (Control),211577,6474,3.06,390,6.03,7889.59,25997.4,3.3
CMP-50763,Email Marketing,Variant A (Control),138286,3291,2.38,85,2.59,4650.2,17289.85,3.72
CMP-50764,LinkedIn,Variant B (New Copy),40653,1004,2.47,127,12.65,3255.92,21681.44,6.66
CMP-50765,Google Ads,Variant C (Video Ad),36949,2106,5.7,226,10.75,7447.95,46194.4,6.2
CMP-50766,SEO Organic,Variant C (Video Ad),207571,9216,4.44,311,3.38,4183.77,16433.24,3.93
CMP-50767,Meta Ads,Variant A (Control),29800,1633,5.48,68,4.17,3877.79,6071.04,1.57
CMP-50768,LinkedIn,Variant C (Video Ad),20884,503,2.41,62,12.48,3454.38,2964.22,0.86
CMP-50769,Meta Ads,Variant C (Video Ad),88309,2022,2.29,127,6.31,4179.62,9886.95,2.37
CMP-50770,LinkedIn,Variant B (New Copy),42372,834,1.97,61,7.35,1199.63,7459.08,6.22
CMP-50771,Meta Ads,Variant C (Video Ad),201761,6214,3.08,478,7.7,4144.02,81795.36,19.74
CMP-50772,Google Ads,Variant B (New Copy),247020,15068,6.1,1652,10.97,1489.06,222673.08,149.54
CMP-50773,Meta Ads,Variant C (Video Ad),197907,5660,2.86,663,11.73,6576.89,120122.34,18.26
CMP-50774,LinkedIn,Variant C (Video Ad),112766,7521,6.67,739,9.83,1326.41,141924.95,107.0
CMP-50775,Email Marketing,Variant C (Video Ad),230071,14264,6.2,1677,11.76,6339.34,121817.28,19.22
CMP-50776,Google Ads,Variant A (Control),19335,986,5.1,81,8.27,2849.26,4766.04,1.67
CMP-50777,Google Ads,Variant B (New Copy),110228,6316,5.73,548,8.69,4562.46,57019.4,12.5
CMP-50778,Email Marketing,Variant A (Control),65299,1763,2.7,56,3.19,7584.85,3797.92,0.5
CMP-50779,Meta Ads,Variant C (Video Ad),150613,7575,5.03,565,7.46,366.09,42092.5,114.98
CMP-50780,Meta Ads,Variant C (Video Ad),175107,8667,4.95,743,8.58,2251.99,114050.5,50.64
CMP-50781,LinkedIn,Variant C (Video Ad),228640,7316,3.2,887,12.13,631.68,117722.64,186.36
CMP-50782,LinkedIn,Variant B (New Copy),151750,6221,4.1,429,6.91,4259.86,80930.85,19.0
CMP-50783,Google Ads,Variant B (New Copy),160401,2373,1.48,134,5.65,6338.7,17169.42,2.71
CMP-50784,SEO Organic,Variant C (Video Ad),168876,7498,4.44,377,5.03,5231.78,52904.41,10.11
CMP-50785,LinkedIn,Variant B (New Copy),231475,2800,1.21,84,3.01,6370.56,12302.64,1.93
CMP-50786,Google Ads,Variant C (Video Ad),176654,5741,3.25,300,5.23,2959.4,47298.0,15.98
CMP-50787,Google Ads,Variant C (Video Ad),147986,6526,4.41,142,2.19,7343.68,26149.3,3.56
CMP-50788,Email Marketing,Variant B (New Copy),140749,3223,2.29,306,9.5,7198.33,60838.92,8.45
CMP-50789,LinkedIn,Variant A (Control),15240,321,2.11,25,8.09,1892.24,5296.5,2.8
CMP-50790,Email Marketing,Variant B (New Copy),25888,812,3.14,80,9.91,4752.68,8548.0,1.8
CMP-50791,SEO Organic,Variant B (New Copy),36509,1880,5.15,82,4.39,6754.3,10131.1,1.5
CMP-50792,Google Ads,Variant A (Control),47603,1566,3.29,182,11.67,1377.25,19575.92,14.21
CMP-50793,SEO Organic,Variant C (Video Ad),214881,5715,2.66,501,8.77,7886.36,24068.04,3.05
CMP-50794,Google Ads,Variant B (New Copy),55299,2167,3.92,104,4.83,1048.33,16905.2,16.13
CMP-50795,Google Ads,Variant A (Control),205143,12103,5.9,1303,10.77,2810.61,207163.97,73.71
CMP-50796,LinkedIn,Variant C (Video Ad),144813,7834,5.41,169,2.16,5514.98,29977.22,5.44
CMP-50797,Google Ads,Variant A (Control),187915,9527,5.07,579,6.08,4412.19,115232.58,26.12
CMP-50798,Email Marketing,Variant A (Control),74697,4616,6.18,327,7.09,4770.35,57277.32,12.01
CMP-50799,Meta Ads,Variant A (Control),172485,8193,4.75,452,5.52,1034.08,44350.24,42.89
CMP-50800,Email Marketing,Variant A (Control),127140,2886,2.27,207,7.18,739.04,10753.65,14.55
CMP-50801,Meta Ads,Variant C (Video Ad),216745,6220,2.87,309,4.98,7417.36,19451.55,2.62
CMP-50802,Google Ads,Variant B (New Copy),155688,4857,3.12,391,8.07,5749.34,61387.0,10.68
CMP-50803,Meta Ads,Variant C (Video Ad),208296,6123,2.94,379,6.2,2408.99,41238.99,17.12
CMP-50804,Google Ads,Variant A (Control),50992,2325,4.56,107,4.64,938.47,7801.37,8.31
CMP-50805,Email Marketing,Variant C (Video Ad),238522,8539,3.58,580,6.8,2958.31,55888.8,18.89
CMP-50806,SEO Organic,Variant C (Video Ad),212256,10506,4.95,632,6.02,1888.46,138888.32,73.55
CMP-50807,Google Ads,Variant C (Video Ad),83984,3468,4.13,103,2.99,4207.02,11028.21,2.62
CMP-50808,Google Ads,Variant C (Video Ad),245567,10903,4.44,900,8.26,5596.03,114858.0,20.52
CMP-50809,Google Ads,Variant A (Control),208227,6038,2.9,192,3.19,4266.77,38300.16,8.98
CMP-50810,Google Ads,Variant C (Video Ad),194935,4132,2.12,385,9.32,2058.88,59193.75,28.75
CMP-50811,LinkedIn,Variant B (New Copy),130995,5514,4.21,304,5.53,2647.17,50378.88,19.03
CMP-50812,Email Marketing,Variant B (New Copy),51337,1576,3.07,45,2.88,6534.06,7804.8,1.19
CMP-50813,Meta Ads,Variant A (Control),212856,5704,2.68,232,4.08,3464.0,33633.04,9.71
CMP-50814,LinkedIn,Variant C (Video Ad),186007,6900,3.71,732,10.62,1939.85,51964.68,26.79
CMP-50815,Email Marketing,Variant A (Control),77033,4652,6.04,381,8.21,5808.08,57447.18,9.89
CMP-50816,Google Ads,Variant A (Control),70427,1387,1.97,165,11.96,7434.5,9502.35,1.28
CMP-50817,Email Marketing,Variant C (Video Ad),171046,8244,4.82,514,6.24,3053.35,76066.86,24.91
CMP-50818,Meta Ads,Variant B (New Copy),76136,4849,6.37,138,2.85,3121.35,23171.58,7.42
CMP-50819,SEO Organic,Variant B (New Copy),184660,7626,4.13,573,7.52,7279.67,114525.51,15.73
CMP-50820,SEO Organic,Variant A (Control),62349,1714,2.75,74,4.34,6149.01,12073.84,1.96
CMP-50821,Google Ads,Variant A (Control),210502,6525,3.1,767,11.77,1727.61,150577.44,87.16
CMP-50822,Meta Ads,Variant A (Control),167170,6151,3.68,429,6.99,665.95,74307.09,111.58
CMP-50823,Google Ads,Variant B (New Copy),48571,1306,2.69,82,6.29,5635.53,9666.98,1.72
CMP-50824,Email Marketing,Variant A (Control),120730,1919,1.59,118,6.15,2274.15,11441.28,5.03
CMP-50825,Google Ads,Variant C (Video Ad),17096,625,3.66,32,5.21,7228.25,6441.6,0.89
CMP-50826,Google Ads,Variant B (New Copy),213261,11132,5.22,382,3.44,1976.91,64195.1,32.47
CMP-50827,SEO Organic,Variant A (Control),131164,3659,2.79,217,5.95,6407.87,32673.69,5.1
CMP-50828,Meta Ads,Variant B (New Copy),133838,7066,5.28,1021,14.46,1727.86,183851.47,106.4
CMP-50829,Meta Ads,Variant B (New Copy),54269,2116,3.9,139,6.59,5626.93,10540.37,1.87
CMP-50830,SEO Organic,Variant C (Video Ad),138861,6651,4.79,671,10.09,7754.11,42642.05,5.5
CMP-50831,SEO Organic,Variant A (Control),121846,8114,6.66,297,3.67,6725.91,43676.82,6.49
CMP-50832,SEO Organic,Variant B (New Copy),127517,5878,4.61,610,10.38,2506.58,133199.6,53.14
CMP-50833,SEO Organic,Variant A (Control),162784,4802,2.95,526,10.97,3434.31,74429.0,21.67
CMP-50834,Meta Ads,Variant B (New Copy),100960,3483,3.45,128,3.68,382.3,26210.56,68.56
CMP-50835,SEO Organic,Variant B (New Copy),133784,7853,5.87,389,4.96,2791.9,52985.69,18.98
CMP-50836,Email Marketing,Variant C (Video Ad),79762,3286,4.12,76,2.32,6851.15,7089.28,1.03
CMP-50837,Google Ads,Variant B (New Copy),101072,6397,6.33,676,10.58,5142.75,119929.16,23.32
CMP-50838,SEO Organic,Variant C (Video Ad),119932,7435,6.2,202,2.73,1704.16,20977.7,12.31
CMP-50839,Google Ads,Variant B (New Copy),217495,4175,1.92,118,2.85,4022.95,14005.42,3.48
CMP-50840,LinkedIn,Variant B (New Copy),210869,8244,3.91,328,3.99,7582.67,36303.04,4.79
CMP-50841,Meta Ads,Variant A (Control),241982,12994,5.37,1165,8.97,1786.9,78008.4,43.66
CMP-50842,Google Ads,Variant B (New Copy),107301,5901,5.5,669,11.34,855.61,125216.73,146.35
CMP-50843,SEO Organic,Variant C (Video Ad),96783,6281,6.49,580,9.24,7516.66,59368.8,7.9
CMP-50844,Meta Ads,Variant B (New Copy),180333,11559,6.41,536,4.64,7860.04,53332.0,6.79
CMP-50845,SEO Organic,Variant C (Video Ad),222950,7870,3.53,742,9.43,3025.95,111693.26,36.91
CMP-50846,LinkedIn,Variant A (Control),86053,4973,5.78,124,2.5,6843.0,6821.24,1.0
CMP-50847,LinkedIn,Variant A (Control),205722,11623,5.65,259,2.23,3373.51,28935.48,8.58
CMP-50848,Email Marketing,Variant A (Control),107884,4649,4.31,114,2.46,2731.04,8250.18,3.02
CMP-50849,LinkedIn,Variant A (Control),161830,7735,4.78,685,8.86,956.21,150035.55,156.91
CMP-50850,SEO Organic,Variant A (Control),52749,1091,2.07,64,5.93,4066.17,4768.0,1.17
CMP-50851,Google Ads,Variant B (New Copy),152317,8209,5.39,638,7.78,5415.52,33546.04,6.19
CMP-50852,SEO Organic,Variant C (Video Ad),184893,11962,6.47,467,3.91,7065.54,28673.8,4.06
CMP-50853,SEO Organic,Variant C (Video Ad),168850,5757,3.41,326,5.67,3645.66,52160.0,14.31
CMP-50854,Google Ads,Variant C (Video Ad),136413,5852,4.29,703,12.02,7499.28,145007.81,19.34
CMP-50855,LinkedIn,Variant C (Video Ad),206612,8863,4.29,351,3.97,3256.23,21123.18,6.49
CMP-50856,Google Ads,Variant B (New Copy),73255,3164,4.32,171,5.42,3209.46,30492.72,9.5
CMP-50857,LinkedIn,Variant B (New Copy),164745,3789,2.3,326,8.62,2471.23,17662.68,7.15
CMP-50858,LinkedIn,Variant C (Video Ad),47147,1702,3.61,202,11.9,4513.83,36533.72,8.09
CMP-50859,LinkedIn,Variant B (New Copy),123834,6563,5.3,910,13.87,1138.77,93356.9,81.98
CMP-50860,LinkedIn,Variant B (New Copy),157394,7570,4.81,1077,14.23,7384.18,160839.18,21.78
CMP-50861,Email Marketing,Variant B (New Copy),186098,2828,1.52,233,8.26,4099.1,27929.71,6.81
CMP-50862,Google Ads,Variant C (Video Ad),29959,1150,3.84,88,7.72,5505.64,13550.24,2.46
CMP-50863,Google Ads,Variant B (New Copy),206345,9739,4.72,534,5.49,3784.05,110094.78,29.09
CMP-50864,Google Ads,Variant A (Control),129640,5898,4.55,570,9.67,5688.97,119899.5,21.08
CMP-50865,Email Marketing,Variant A (Control),13284,243,1.83,19,8.17,5029.43,2933.03,0.58
CMP-50866,SEO Organic,Variant B (New Copy),113617,6703,5.9,867,12.94,6500.88,55054.5,8.47
CMP-50867,LinkedIn,Variant B (New Copy),181021,6136,3.39,601,9.8,7312.63,84482.57,11.55
CMP-50868,LinkedIn,Variant A (Control),220512,9482,4.3,749,7.9,6666.46,144145.05,21.62
CMP-50869,SEO Organic,Variant A (Control),185070,6273,3.39,469,7.49,1118.9,46027.66,41.14
CMP-50870,Email Marketing,Variant C (Video Ad),102716,6974,6.79,833,11.95,6553.74,142692.9,21.77
CMP-50871,Email Marketing,Variant A (Control),154944,9358,6.04,523,5.59,3565.86,64904.3,18.2
CMP-50872,SEO Organic,Variant B (New Copy),178606,3447,1.93,122,3.56,7459.3,7280.96,0.98
CMP-50873,Google Ads,Variant A (Control),217024,10221,4.71,1124,11.0,6330.63,222237.28,35.11
CMP-50874,Email Marketing,Variant A (Control),165931,10304,6.21,632,6.14,5164.1,96955.12,18.77
CMP-50875,SEO Organic,Variant B (New Copy),64039,4252,6.64,565,13.29,3771.45,77179.0,20.46
CMP-50876,Email Marketing,Variant B (New Copy),162915,10231,6.28,652,6.38,6913.17,41819.28,6.05
CMP-50877,Google Ads,Variant C (Video Ad),136445,4366,3.2,191,4.38,600.0,23044.15,38.41
CMP-50878,SEO Organic,Variant C (Video Ad),171908,6309,3.67,543,8.62,2950.44,32704.89,11.08
CMP-50879,Email Marketing,Variant B (New Copy),119883,7816,6.52,1038,13.29,2480.24,97447.44,39.29
CMP-50880,Email Marketing,Variant A (Control),49941,928,1.86,75,8.18,7125.12,14051.25,1.97
CMP-50881,Meta Ads,Variant B (New Copy),171198,6043,3.53,913,15.12,7410.71,67059.85,9.05
CMP-50882,Email Marketing,Variant C (Video Ad),192640,11307,5.87,1389,12.29,1953.09,259312.41,132.77
CMP-50883,Meta Ads,Variant B (New Copy),64519,4296,6.66,219,5.12,4646.56,40387.98,8.69
CMP-50884,Meta Ads,Variant B (New Copy),60714,2155,3.55,195,9.06,849.0,13086.45,15.41
CMP-50885,Google Ads,Variant A (Control),122860,4730,3.85,436,9.23,3755.34,51827.32,13.8
CMP-50886,Google Ads,Variant B (New Copy),120622,5403,4.48,587,10.88,5877.59,74560.74,12.69
CMP-50887,Google Ads,Variant A (Control),51335,2392,4.66,285,11.94,1927.73,46517.7,24.13
CMP-50888,SEO Organic,Variant C (Video Ad),211577,5564,2.63,319,5.75,905.12,58051.62,64.14
CMP-50889,LinkedIn,Variant B (New Copy),17144,673,3.93,26,3.91,624.73,3133.52,5.02
CMP-50890,Email Marketing,Variant B (New Copy),249468,5313,2.13,363,6.85,1841.61,18338.76,9.96
CMP-50891,LinkedIn,Variant B (New Copy),133060,6772,5.09,621,9.18,3380.59,121691.16,36.0
CMP-50892,LinkedIn,Variant C (Video Ad),57800,1179,2.04,130,11.05,6966.03,28063.1,4.03
CMP-50893,Google Ads,Variant B (New Copy),218242,6852,3.14,781,11.41,7248.09,123530.77,17.04
CMP-50894,LinkedIn,Variant C (Video Ad),40236,1150,2.86,39,3.42,732.8,5219.37,7.12
CMP-50895,Google Ads,Variant A (Control),84771,5501,6.49,110,2.01,3214.96,19069.6,5.93
CMP-50896,SEO Organic,Variant B (New Copy),232292,14797,6.37,501,3.39,4146.71,47144.1,11.37
CMP-50897,Email Marketing,Variant B (New Copy),147607,9992,6.77,1092,10.93,511.94,175637.28,343.08
CMP-50898,SEO Organic,Variant A (Control),219563,8650,3.94,525,6.07,1257.71,111426.0,88.59
CMP-50899,Email Marketing,Variant A (Control),48492,1221,2.52,58,4.78,5662.81,7760.4,1.37
CMP-50900,Email Marketing,Variant B (New Copy),168300,7758,4.61,196,2.53,6021.48,30505.44,5.07
CMP-50901,Google Ads,Variant B (New Copy),185671,6535,3.52,631,9.66,5565.44,120237.05,21.6
CMP-50902,Email Marketing,Variant B (New Copy),194156,4116,2.12,514,12.49,1479.01,111352.96,75.29
CMP-50903,Google Ads,Variant C (Video Ad),108606,6559,6.04,602,9.19,1373.18,52121.16,37.96
CMP-50904,Google Ads,Variant C (Video Ad),193015,6253,3.24,698,11.17,7435.02,132836.38,17.87
CMP-50905,SEO Organic,Variant C (Video Ad),78219,3066,3.92,123,4.04,2568.86,17311.02,6.74
CMP-50906,LinkedIn,Variant B (New Copy),11652,633,5.44,97,15.42,4600.6,8779.47,1.91
CMP-50907,Email Marketing,Variant B (New Copy),14063,949,6.75,82,8.65,5616.75,8031.08,1.43
CMP-50908,Meta Ads,Variant B (New Copy),91699,2567,2.8,102,3.98,7777.01,19274.94,2.48
CMP-50909,Email Marketing,Variant B (New Copy),232242,7803,3.36,1046,13.41,4923.11,81085.92,16.47
CMP-50910,Meta Ads,Variant A (Control),71820,3210,4.47,125,3.9,3175.97,8130.0,2.56
CMP-50911,SEO Organic,Variant B (New Copy),222327,7447,3.35,224,3.02,1796.25,41554.24,23.13
CMP-50912,Email Marketing,Variant B (New Copy),233146,13312,5.71,1566,11.77,7796.67,196407.72,25.19
CMP-50913,Email Marketing,Variant C (Video Ad),134775,6738,5.0,751,11.16,2856.29,43745.75,15.32
CMP-50914,Google Ads,Variant C (Video Ad),68818,4080,5.93,310,7.62,7460.54,17304.2,2.32
CMP-50915,Google Ads,Variant B (New Copy),99552,4688,4.71,171,3.65,5423.61,21763.17,4.01
CMP-50916,Meta Ads,Variant C (Video Ad),235415,3907,1.66,464,11.89,375.55,31361.76,83.51
CMP-50917,Google Ads,Variant A (Control),157152,5107,3.25,134,2.64,2993.48,17241.78,5.76
CMP-50918,Google Ads,Variant A (Control),210535,9010,4.28,1010,11.21,3003.3,118119.5,39.33
CMP-50919,Meta Ads,Variant A (Control),81987,1475,1.8,108,7.36,7413.75,18610.56,2.51
CMP-50920,Meta Ads,Variant C (Video Ad),91853,1745,1.9,52,3.01,5510.79,5560.88,1.01
CMP-50921,SEO Organic,Variant C (Video Ad),174732,9051,5.18,333,3.68,2337.35,25367.94,10.85
CMP-50922,LinkedIn,Variant B (New Copy),217501,13050,6.0,373,2.86,6015.79,44991.26,7.48
CMP-50923,Google Ads,Variant B (New Copy),160378,7585,4.73,879,11.6,1333.93,174261.75,130.64
CMP-50924,Email Marketing,Variant B (New Copy),193755,9648,4.98,1278,13.25,3277.25,180900.9,55.2
CMP-50925,SEO Organic,Variant A (Control),101350,5776,5.7,319,5.54,4827.6,30802.64,6.38
CMP-50926,Meta Ads,Variant A (Control),218488,4020,1.84,284,7.07,2450.9,31538.2,12.87
CMP-50927,Google Ads,Variant B (New Copy),30203,1229,4.07,39,3.23,5216.2,5525.13,1.06
CMP-50928,Google Ads,Variant B (New Copy),144563,1749,1.21,157,8.99,1154.53,16409.64,14.21
CMP-50929,SEO Organic,Variant C (Video Ad),90458,3328,3.68,135,4.06,7866.59,9736.2,1.24
CMP-50930,Google Ads,Variant C (Video Ad),103841,3945,3.8,388,9.84,3617.2,56073.76,15.5
CMP-50931,LinkedIn,Variant C (Video Ad),58968,1751,2.97,39,2.27,5903.61,7143.24,1.21
CMP-50932,Email Marketing,Variant C (Video Ad),204678,9046,4.42,751,8.31,5687.84,126896.47,22.31
CMP-50933,SEO Organic,Variant C (Video Ad),171303,7211,4.21,813,11.28,7285.46,164160.96,22.53
CMP-50934,Google Ads,Variant C (Video Ad),124692,2493,2.0,72,2.9,7912.04,9289.44,1.17
CMP-50935,Meta Ads,Variant C (Video Ad),123016,6458,5.25,388,6.02,1011.11,79334.36,78.46
CMP-50936,Email Marketing,Variant A (Control),224255,8947,3.99,321,3.59,5925.72,18897.27,3.19
CMP-50937,Meta Ads,Variant B (New Copy),52473,918,1.75,87,9.52,402.13,7059.18,17.55
CMP-50938,Meta Ads,Variant A (Control),210337,11778,5.6,1373,11.66,967.25,232242.95,240.11
CMP-50939,Google Ads,Variant C (Video Ad),72331,3037,4.2,325,10.73,2265.07,18408.0,8.13
CMP-50940,LinkedIn,Variant A (Control),33695,1681,4.99,158,9.42,4274.26,11740.98,2.75
CMP-50941,Google Ads,Variant B (New Copy),225493,5614,2.49,309,5.52,3862.43,44610.33,11.55
CMP-50942,SEO Organic,Variant B (New Copy),224024,4950,2.21,416,8.41,3852.12,34037.12,8.84
CMP-50943,Google Ads,Variant B (New Copy),46884,2803,5.98,256,9.16,5463.47,34114.56,6.24
CMP-50944,Google Ads,Variant C (Video Ad),164010,2033,1.24,198,9.78,4027.87,32266.08,8.01
CMP-50945,Email Marketing,Variant C (Video Ad),121909,3389,2.78,323,9.54,7046.89,56202.0,7.98
CMP-50946,SEO Organic,Variant B (New Copy),148903,8308,5.58,370,4.46,2193.12,79309.5,36.16
CMP-50947,SEO Organic,Variant C (Video Ad),27206,612,2.25,45,7.5,6857.06,9494.55,1.38
CMP-50948,Meta Ads,Variant A (Control),235869,12265,5.2,1052,8.58,2310.88,146228.0,63.28
CMP-50949,LinkedIn,Variant C (Video Ad),41836,2363,5.65,136,5.77,2465.21,10176.88,4.13
CMP-50950,Meta Ads,Variant A (Control),78209,2056,2.63,78,3.84,5826.14,12417.6,2.13
CMP-50951,LinkedIn,Variant B (New Copy),249699,3895,1.56,366,9.4,4968.66,57041.1,11.48
CMP-50952,Google Ads,Variant B (New Copy),35167,2384,6.78,338,14.21,5415.9,31383.3,5.79
CMP-50953,LinkedIn,Variant A (Control),31022,961,3.1,103,10.77,6352.28,20265.25,3.19
CMP-50954,SEO Organic,Variant B (New Copy),85344,4250,4.98,327,7.71,385.59,57372.15,148.79
CMP-50955,Meta Ads,Variant B (New Copy),75769,3030,4.0,273,9.01,4137.87,23568.09,5.7
CMP-50956,SEO Organic,Variant C (Video Ad),41019,2202,5.37,227,10.34,4434.19,24856.5,5.61
CMP-50957,Meta Ads,Variant B (New Copy),133620,5518,4.13,722,13.1,5816.54,33948.44,5.84
CMP-50958,Google Ads,Variant B (New Copy),49623,913,1.84,95,10.47,4682.43,17404.95,3.72
CMP-50959,LinkedIn,Variant B (New Copy),120469,5360,4.45,828,15.45,993.1,118370.88,119.19
CMP-50960,Google Ads,Variant C (Video Ad),100428,5021,5.0,139,2.77,2513.56,9048.9,3.6
CMP-50961,SEO Organic,Variant A (Control),139367,2034,1.46,98,4.84,2441.73,6399.4,2.62
CMP-50962,Email Marketing,Variant B (New Copy),228058,10102,4.43,491,4.87,6072.28,54780.87,9.02
CMP-50963,Email Marketing,Variant A (Control),232860,13273,5.7,1125,8.48,1182.41,179223.75,151.57
CMP-50964,SEO Organic,Variant B (New Copy),52978,3512,6.63,162,4.62,6909.21,31197.96,4.52
CMP-50965,Email Marketing,Variant A (Control),167152,4045,2.42,243,6.02,7334.2,38605.41,5.26
CMP-50966,LinkedIn,Variant B (New Copy),249171,5755,2.31,581,10.11,6232.01,74879.28,12.02
CMP-50967,Meta Ads,Variant B (New Copy),149846,7282,4.86,717,9.85,1546.52,66551.94,43.03
CMP-50968,Meta Ads,Variant B (New Copy),184817,8446,4.57,1206,14.29,6654.88,130525.38,19.61
CMP-50969,Google Ads,Variant A (Control),60009,1482,2.47,170,11.48,7483.99,29748.3,3.97
CMP-50970,LinkedIn,Variant B (New Copy),61478,1198,1.95,58,4.91,3497.78,4836.62,1.38
CMP-50971,LinkedIn,Variant A (Control),119689,5577,4.66,434,7.79,6398.8,69422.64,10.85
CMP-50972,Email Marketing,Variant B (New Copy),136330,7716,5.66,962,12.48,2671.74,198845.4,74.43
CMP-50973,Email Marketing,Variant A (Control),141606,5763,4.07,526,9.13,1391.22,101523.26,72.97
CMP-50974,Email Marketing,Variant C (Video Ad),173723,6219,3.58,396,6.37,7454.77,42724.44,5.73
CMP-50975,Meta Ads,Variant C (Video Ad),235145,15919,6.77,1189,7.47,442.41,95785.84,216.51
CMP-50976,LinkedIn,Variant B (New Copy),123401,7947,6.44,617,7.77,6007.07,102668.8,17.09
CMP-50977,LinkedIn,Variant A (Control),119529,4063,3.4,488,12.03,4855.37,47565.36,9.8
CMP-50978,LinkedIn,Variant A (Control),52343,2140,4.09,132,6.17,2088.03,25998.72,12.45
CMP-50979,SEO Organic,Variant A (Control),29252,511,1.75,46,9.02,4464.95,3477.6,0.78
CMP-50980,Meta Ads,Variant C (Video Ad),152484,8035,5.27,775,9.65,7385.75,39726.5,5.38
CMP-50981,Google Ads,Variant B (New Copy),122211,5756,4.71,401,6.98,7123.57,29581.77,4.15
CMP-50982,Meta Ads,Variant C (Video Ad),122412,6047,4.94,379,6.28,667.08,53207.81,79.76
CMP-50983,Email Marketing,Variant A (Control),162456,2924,1.8,320,10.95,7556.58,57430.4,7.6
CMP-50984,Email Marketing,Variant C (Video Ad),80962,5400,6.67,499,9.25,4863.24,105044.49,21.6
CMP-50985,Google Ads,Variant B (New Copy),205320,12935,6.3,1192,9.22,2690.22,115445.2,42.91
CMP-50986,Email Marketing,Variant B (New Copy),73258,2329,3.18,130,5.59,1231.27,23712.0,19.26
CMP-50987,LinkedIn,Variant C (Video Ad),130581,7652,5.86,204,2.67,2022.55,15071.52,7.45
CMP-50988,SEO Organic,Variant B (New Copy),102963,3583,3.48,523,14.62,2021.43,111079.97,54.95
CMP-50989,Email Marketing,Variant B (New Copy),226412,13471,5.95,1510,11.21,7647.08,299599.1,39.18
CMP-50990,Meta Ads,Variant B (New Copy),48484,2947,6.08,355,12.05,1014.16,55152.8,54.38
CMP-50991,Meta Ads,Variant A (Control),40879,2444,5.98,93,3.83,4416.22,5314.02,1.2
CMP-50992,Google Ads,Variant C (Video Ad),94550,1531,1.62,55,3.63,961.26,2644.95,2.75
CMP-50993,SEO Organic,Variant A (Control),79532,2998,3.77,333,11.11,4726.72,53896.05,11.4
CMP-50994,LinkedIn,Variant B (New Copy),46854,1199,2.56,172,14.35,571.08,15433.56,27.03
CMP-50995,SEO Organic,Variant C (Video Ad),249332,12865,5.16,865,6.73,7608.71,118652.05,15.59
CMP-50996,LinkedIn,Variant A (Control),78447,4416,5.63,267,6.05,6918.23,24809.64,3.59
CMP-50997,SEO Organic,Variant A (Control),170036,5135,3.02,319,6.23,1884.73,62670.74,33.25
CMP-50998,Email Marketing,Variant A (Control),75089,1824,2.43,38,2.1,2015.0,1755.98,0.87
CMP-50999,Email Marketing,Variant A (Control),109914,5429,4.94,571,10.53,1467.14,54113.67,36.88
